t=1 model=- thermal=Nominal level=0 lowpower=0 battery=full/100 mem=21 cam=6.3 proc=0.0 busy=0.0 pre=0.0 pred=0.0 post=0.0 draw=0.0 e2e=0 obj=0.0
t=2 model=- thermal=Nominal level=0 lowpower=0 battery=full/100 mem=21 cam=30.3 proc=0.0 busy=0.0 pre=0.0 pred=0.0 post=0.0 draw=0.0 e2e=0 obj=0.0
t=3 model=- thermal=Nominal level=0 lowpower=0 battery=full/100 mem=21 cam=30.5 proc=0.0 busy=0.0 pre=0.0 pred=0.0 post=0.0 draw=0.0 e2e=0 obj=0.0
t=4 model=yolov8m_352x640 thermal=Nominal level=0 lowpower=0 battery=full/100 mem=38 cam=29.8 proc=4.0 busy=0.0 pre=1.8 pred=26.3 post=0.4 draw=3.5 e2e=49 obj=1.0
t=5 model=yolov8m_352x640 thermal=Nominal level=0 lowpower=0 battery=full/100 mem=39 cam=31.6 proc=31.6 busy=0.0 pre=1.8 pred=26.7 post=0.3 draw=0.3 e2e=46 obj=1.0
t=6 model=yolov8m_352x640 thermal=Nominal level=0 lowpower=0 battery=full/100 mem=39 cam=28.7 proc=28.8 busy=0.0 pre=1.8 pred=27.1 post=0.3 draw=0.3 e2e=46 obj=0.8
t=7 model=yolov8m_352x640 thermal=Nominal level=0 lowpower=0 battery=full/100 mem=39 cam=31.8 proc=31.8 busy=0.0 pre=1.9 pred=27.1 post=0.3 draw=0.2 e2e=46 obj=0.6
t=8 model=yolov8m_352x640 thermal=Nominal level=0 lowpower=0 battery=full/100 mem=57 cam=31.3 proc=25.4 busy=3.9 pre=1.9 pred=28.7 post=0.3 draw=0.1 e2e=48 obj=0.5
t=9 model=yolov8m_352x640 thermal=Nominal level=0 lowpower=0 battery=full/100 mem=57 cam=30.0 proc=30.0 busy=0.0 pre=1.8 pred=26.3 post=0.3 draw=0.2 e2e=45 obj=0.7
t=10 model=yolov8m_352x640 thermal=Nominal level=0 lowpower=0 battery=full/100 mem=57 cam=29.8 proc=29.8 busy=0.0 pre=2.0 pred=28.9 post=0.3 draw=0.3 e2e=49 obj=0.9
t=11 model=yolov8m_352x640 thermal=Nominal level=0 lowpower=0 battery=full/100 mem=57 cam=30.0 proc=28.6 busy=0.0 pre=1.9 pred=26.4 post=0.3 draw=0.2 e2e=46 obj=0.6
t=12 model=yolov8m_352x640 thermal=Nominal level=0 lowpower=0 battery=full/100 mem=57 cam=31.9 proc=31.9 busy=0.0 pre=1.7 pred=27.1 post=0.3 draw=0.2 e2e=47 obj=0.6
t=13 model=yolov8m_352x640 thermal=Nominal level=0 lowpower=0 battery=full/100 mem=57 cam=31.6 proc=29.5 busy=0.0 pre=2.1 pred=27.2 post=0.3 draw=0.2 e2e=47 obj=0.9
t=14 model=yolov8m_352x640 thermal=Nominal level=0 lowpower=0 battery=full/100 mem=57 cam=30.0 proc=29.9 busy=0.0 pre=1.9 pred=27.9 post=0.3 draw=0.2 e2e=46 obj=0.6
t=15 model=yolov8m_352x640 thermal=Nominal level=0 lowpower=0 battery=full/100 mem=57 cam=29.7 proc=28.6 busy=0.0 pre=1.7 pred=26.5 post=0.3 draw=0.2 e2e=46 obj=0.5
t=16 model=yolov8m_352x640 thermal=Nominal level=0 lowpower=0 battery=full/100 mem=57 cam=28.6 proc=31.7 busy=0.0 pre=1.7 pred=26.2 post=0.3 draw=0.2 e2e=46 obj=0.6
t=17 model=yolov8m_352x640 thermal=Nominal level=0 lowpower=0 battery=full/100 mem=57 cam=28.5 proc=29.8 busy=0.0 pre=1.6 pred=25.9 post=0.3 draw=0.2 e2e=45 obj=0.5
t=18 model=yolov8m_352x640 thermal=Nominal level=0 lowpower=0 battery=full/100 mem=57 cam=28.6 proc=28.6 busy=0.0 pre=2.2 pred=30.0 post=0.3 draw=0.1 e2e=50 obj=0.6
t=19 model=yolov8m_352x640 thermal=Nominal level=0 lowpower=0 battery=full/100 mem=57 cam=31.5 proc=31.6 busy=0.0 pre=1.8 pred=26.5 post=0.3 draw=0.2 e2e=46 obj=0.6
t=20 model=yolov8m_352x640 thermal=Nominal level=0 lowpower=0 battery=full/100 mem=57 cam=30.0 proc=30.0 busy=0.0 pre=1.9 pred=26.7 post=0.3 draw=0.1 e2e=46 obj=0.3
t=21 model=yolov8m_352x640 thermal=Nominal level=0 lowpower=0 battery=full/100 mem=57 cam=28.8 proc=28.8 busy=0.0 pre=1.9 pred=27.1 post=0.3 draw=0.1 e2e=46 obj=0.3
t=22 model=yolov8m_352x640 thermal=Nominal level=0 lowpower=0 battery=full/100 mem=57 cam=29.9 proc=29.9 busy=0.0 pre=2.3 pred=29.4 post=0.3 draw=0.2 e2e=49 obj=0.7
t=23 model=yolov8m_352x640 thermal=Nominal level=0 lowpower=0 battery=full/100 mem=57 cam=28.6 proc=29.9 busy=0.0 pre=1.8 pred=26.4 post=0.3 draw=0.2 e2e=46 obj=0.6
t=24 model=yolov8m_352x640 thermal=Nominal level=0 lowpower=0 battery=full/100 mem=57 cam=29.9 proc=29.5 busy=0.0 pre=1.8 pred=26.0 post=0.3 draw=0.2 e2e=46 obj=0.7
t=25 model=yolov8m_352x640 thermal=Nominal level=0 lowpower=0 battery=full/100 mem=57 cam=28.9 proc=28.8 busy=0.0 pre=1.9 pred=26.9 post=0.3 draw=0.1 e2e=47 obj=0.4
t=26 model=yolov8m_352x640 thermal=Nominal level=0 lowpower=0 battery=full/100 mem=57 cam=31.2 proc=31.3 busy=0.0 pre=1.9 pred=26.7 post=0.3 draw=0.2 e2e=46 obj=0.5
t=27 model=yolov8m_352x640 thermal=Nominal level=0 lowpower=0 battery=full/100 mem=57 cam=31.5 proc=31.4 busy=0.0 pre=1.8 pred=26.7 post=0.3 draw=0.2 e2e=46 obj=0.7
t=28 model=yolov8m_352x640 thermal=Nominal level=0 lowpower=0 battery=full/100 mem=57 cam=29.3 proc=29.4 busy=0.0 pre=1.9 pred=28.4 post=0.3 draw=0.2 e2e=49 obj=0.6
t=29 model=yolov8m_352x640 thermal=Nominal level=0 lowpower=0 battery=full/100 mem=57 cam=31.8 proc=31.8 busy=0.0 pre=1.7 pred=26.3 post=0.3 draw=0.1 e2e=46 obj=0.4
t=30 model=yolov8m_352x640 thermal=Nominal level=0 lowpower=0 battery=full/100 mem=57 cam=31.8 proc=31.8 busy=0.0 pre=1.7 pred=26.2 post=0.3 draw=0.2 e2e=46 obj=0.5
t=31 model=yolov8m_352x640 thermal=Nominal level=0 lowpower=0 battery=full/100 mem=57 cam=28.6 proc=28.6 busy=0.0 pre=1.7 pred=26.5 post=0.3 draw=0.2 e2e=46 obj=0.4
t=32 model=yolov8m_352x640 thermal=Nominal level=0 lowpower=0 battery=full/100 mem=57 cam=31.6 proc=31.5 busy=0.0 pre=2.8 pred=31.4 post=0.3 draw=0.2 e2e=53 obj=0.8
t=33 model=yolov8m_352x640 thermal=Nominal level=0 lowpower=0 battery=full/100 mem=57 cam=29.6 proc=29.6 busy=0.0 pre=1.8 pred=27.3 post=0.3 draw=0.2 e2e=46 obj=0.6
t=34 model=yolov8m_352x640 thermal=Nominal level=0 lowpower=0 battery=full/100 mem=57 cam=29.7 proc=29.7 busy=0.0 pre=1.8 pred=26.6 post=0.3 draw=0.2 e2e=46 obj=0.7
t=35 model=yolov8m_352x640 thermal=Nominal level=0 lowpower=0 battery=full/100 mem=57 cam=29.9 proc=28.7 busy=0.0 pre=1.8 pred=27.1 post=0.3 draw=0.2 e2e=47 obj=0.5
t=36 model=yolov8m_352x640 thermal=Nominal level=0 lowpower=0 battery=full/100 mem=57 cam=31.6 proc=31.7 busy=0.0 pre=1.9 pred=29.8 post=0.3 draw=0.2 e2e=50 obj=0.6
t=37 model=yolov8m_352x640 thermal=Nominal level=0 lowpower=0 battery=full/100 mem=57 cam=29.8 proc=29.8 busy=0.0 pre=1.7 pred=26.3 post=0.3 draw=0.2 e2e=46 obj=0.5
t=38 model=yolov8m_352x640 thermal=Nominal level=0 lowpower=0 battery=full/100 mem=57 cam=29.9 proc=31.9 busy=0.0 pre=1.8 pred=26.6 post=0.3 draw=0.2 e2e=46 obj=0.9
t=39 model=yolov8m_352x640 thermal=Nominal level=0 lowpower=0 battery=full/100 mem=57 cam=28.6 proc=28.6 busy=0.0 pre=1.7 pred=26.4 post=0.3 draw=0.2 e2e=46 obj=0.6
t=40 model=yolov8m_352x640 thermal=Nominal level=0 lowpower=0 battery=full/100 mem=57 cam=31.8 proc=31.8 busy=0.0 pre=2.6 pred=31.5 post=0.4 draw=0.2 e2e=52 obj=0.5
t=41 model=yolov8m_352x640 thermal=Nominal level=0 lowpower=0 battery=full/100 mem=57 cam=29.9 proc=29.9 busy=0.0 pre=1.7 pred=26.3 post=0.3 draw=0.3 e2e=46 obj=0.9
t=42 model=yolov8m_352x640 thermal=Nominal level=0 lowpower=0 battery=full/100 mem=57 cam=28.7 proc=28.8 busy=0.0 pre=1.7 pred=26.7 post=0.3 draw=0.2 e2e=46 obj=0.6
t=43 model=yolov8m_352x640 thermal=Nominal level=0 lowpower=0 battery=full/100 mem=57 cam=29.7 proc=29.7 busy=0.0 pre=1.8 pred=26.7 post=0.3 draw=0.2 e2e=46 obj=0.8
t=44 model=yolov8m_352x640 thermal=Nominal level=0 lowpower=0 battery=full/100 mem=57 cam=30.0 proc=30.0 busy=0.0 pre=1.9 pred=27.8 post=0.3 draw=0.1 e2e=47 obj=0.4
t=45 model=yolov8m_352x640 thermal=Nominal level=0 lowpower=0 battery=full/100 mem=57 cam=29.9 proc=31.8 busy=0.0 pre=1.8 pred=26.8 post=0.3 draw=0.2 e2e=46 obj=1.0
t=47 model=yolov8m_352x640 thermal=Nominal level=0 lowpower=0 battery=full/100 mem=57 cam=31.7 proc=31.5 busy=0.0 pre=1.7 pred=27.0 post=0.3 draw=0.2 e2e=47 obj=0.6
t=48 model=yolov8m_352x640 thermal=Nominal level=0 lowpower=0 battery=full/100 mem=57 cam=31.1 proc=31.0 busy=0.0 pre=1.7 pred=25.9 post=0.3 draw=0.2 e2e=46 obj=0.8
t=49 model=yolov8m_352x640 thermal=Nominal level=0 lowpower=0 battery=full/100 mem=57 cam=29.9 proc=30.0 busy=0.0 pre=1.7 pred=26.1 post=0.3 draw=0.1 e2e=46 obj=0.4
t=50 model=yolov8m_352x640 thermal=Nominal level=0 lowpower=0 battery=full/100 mem=57 cam=29.1 proc=29.0 busy=0.0 pre=1.7 pred=26.5 post=0.3 draw=0.2 e2e=46 obj=0.5
t=51 model=yolov8m_352x640 thermal=Nominal level=0 lowpower=0 battery=full/100 mem=57 cam=29.7 proc=29.6 busy=0.0 pre=1.8 pred=26.8 post=0.3 draw=0.2 e2e=46 obj=0.9
t=52 model=yolov8m_352x640 thermal=Nominal level=0 lowpower=0 battery=full/100 mem=57 cam=31.7 proc=29.7 busy=0.0 pre=1.8 pred=27.0 post=0.3 draw=0.2 e2e=46 obj=0.5
t=53 model=yolov8m_352x640 thermal=Nominal level=0 lowpower=0 battery=full/100 mem=57 cam=31.2 proc=29.0 busy=0.0 pre=1.7 pred=27.7 post=0.3 draw=0.2 e2e=47 obj=0.7
t=54 model=yolov8m_352x640 thermal=Nominal level=0 lowpower=0 battery=full/100 mem=57 cam=29.9 proc=29.9 busy=0.0 pre=1.7 pred=26.7 post=0.3 draw=0.2 e2e=46 obj=0.7
t=55 model=yolov8m_352x640 thermal=Nominal level=0 lowpower=0 battery=full/100 mem=57 cam=29.8 proc=29.9 busy=0.0 pre=1.7 pred=26.7 post=0.3 draw=0.1 e2e=47 obj=0.3
t=56 model=yolov8m_352x640 thermal=Nominal level=0 lowpower=0 battery=full/100 mem=57 cam=28.8 proc=28.9 busy=0.0 pre=1.7 pred=26.1 post=0.3 draw=0.2 e2e=46 obj=0.5
t=57 model=yolov8m_352x640 thermal=Nominal level=0 lowpower=0 battery=full/100 mem=57 cam=30.0 proc=29.9 busy=0.0 pre=1.7 pred=26.5 post=0.3 draw=0.2 e2e=46 obj=0.6
t=58 model=yolov8m_352x640 thermal=Nominal level=0 lowpower=0 battery=full/100 mem=57 cam=29.9 proc=29.9 busy=0.0 pre=1.7 pred=26.1 post=0.3 draw=0.2 e2e=46 obj=0.7
t=59 model=yolov8m_352x640 thermal=Nominal level=0 lowpower=0 battery=full/100 mem=57 cam=31.5 proc=31.4 busy=0.0 pre=1.7 pred=26.2 post=0.3 draw=0.2 e2e=46 obj=0.9
t=60 model=yolov8m_352x640 thermal=Fair level=0 lowpower=0 battery=full/100 mem=57 cam=29.9 proc=29.9 busy=0.0 pre=1.8 pred=26.2 post=0.3 draw=0.2 e2e=46 obj=0.8
t=61 model=yolov8m_352x640 thermal=Fair level=0 lowpower=0 battery=full/100 mem=57 cam=29.9 proc=28.4 busy=0.0 pre=1.8 pred=26.8 post=0.3 draw=0.2 e2e=46 obj=0.5
t=62 model=yolov8m_352x640 thermal=Fair level=0 lowpower=0 battery=full/100 mem=57 cam=31.8 proc=28.7 busy=0.0 pre=1.8 pred=27.7 post=0.3 draw=0.2 e2e=47 obj=0.5
t=63 model=yolov8m_352x640 thermal=Fair level=0 lowpower=0 battery=full/100 mem=57 cam=29.9 proc=29.5 busy=0.0 pre=1.8 pred=29.9 post=0.3 draw=0.2 e2e=50 obj=0.5
t=64 model=yolov8m_352x640 thermal=Fair level=0 lowpower=0 battery=full/100 mem=57 cam=29.9 proc=30.0 busy=0.0 pre=1.8 pred=26.7 post=0.3 draw=0.2 e2e=46 obj=0.4
t=65 model=yolov8m_352x640 thermal=Fair level=0 lowpower=0 battery=full/100 mem=57 cam=28.6 proc=28.7 busy=0.0 pre=1.8 pred=28.0 post=0.3 draw=0.2 e2e=48 obj=0.7
t=66 model=yolov8m_352x640 thermal=Fair level=0 lowpower=0 battery=full/100 mem=57 cam=28.6 proc=28.7 busy=0.0 pre=1.8 pred=26.7 post=0.3 draw=0.2 e2e=47 obj=0.7
t=67 model=yolov8m_352x640 thermal=Fair level=0 lowpower=0 battery=full/100 mem=57 cam=29.8 proc=29.9 busy=0.0 pre=1.7 pred=26.6 post=0.3 draw=0.2 e2e=46 obj=0.7
t=68 model=yolov8m_352x640 thermal=Fair level=0 lowpower=0 battery=full/100 mem=57 cam=28.7 proc=28.7 busy=0.0 pre=1.7 pred=26.1 post=0.3 draw=0.2 e2e=46 obj=0.7
t=69 model=yolov8m_352x640 thermal=Fair level=0 lowpower=0 battery=full/100 mem=57 cam=29.3 proc=25.4 busy=2.0 pre=1.8 pred=29.2 post=0.3 draw=0.1 e2e=49 obj=0.3
t=70 model=yolov8m_352x640 thermal=Fair level=0 lowpower=0 battery=full/100 mem=57 cam=28.6 proc=30.5 busy=0.0 pre=1.9 pred=26.5 post=0.3 draw=0.2 e2e=46 obj=0.6
t=71 model=yolov8m_352x640 thermal=Fair level=0 lowpower=0 battery=full/100 mem=57 cam=30.0 proc=32.0 busy=0.0 pre=1.9 pred=26.6 post=0.3 draw=0.1 e2e=46 obj=0.4
t=72 model=yolov8m_352x640 thermal=Fair level=0 lowpower=0 battery=full/100 mem=57 cam=28.7 proc=28.7 busy=0.0 pre=1.9 pred=26.8 post=0.3 draw=0.2 e2e=46 obj=0.4
t=73 model=yolov8m_352x640 thermal=Fair level=0 lowpower=0 battery=full/100 mem=57 cam=31.6 proc=31.5 busy=0.0 pre=1.7 pred=26.6 post=0.3 draw=0.1 e2e=46 obj=0.4
t=74 model=yolov8m_352x640 thermal=Fair level=0 lowpower=0 battery=full/100 mem=57 cam=29.8 proc=29.8 busy=0.0 pre=1.7 pred=25.8 post=0.3 draw=0.2 e2e=45 obj=0.6
t=75 model=yolov8m_352x640 thermal=Fair level=0 lowpower=0 battery=full/100 mem=57 cam=28.6 proc=28.7 busy=0.0 pre=1.7 pred=26.5 post=0.3 draw=0.1 e2e=45 obj=0.5
t=76 model=yolov8m_352x640 thermal=Fair level=0 lowpower=0 battery=full/100 mem=57 cam=29.9 proc=29.9 busy=0.0 pre=1.7 pred=26.1 post=0.3 draw=0.2 e2e=46 obj=0.5
t=77 model=yolov8m_352x640 thermal=Fair level=0 lowpower=0 battery=full/100 mem=57 cam=28.7 proc=28.7 busy=0.0 pre=2.0 pred=28.3 post=0.3 draw=0.2 e2e=48 obj=0.4
t=78 model=yolov8m_352x640 thermal=Fair level=0 lowpower=0 battery=full/100 mem=57 cam=29.9 proc=29.9 busy=0.0 pre=1.8 pred=26.2 post=0.3 draw=0.1 e2e=45 obj=0.3
t=79 model=yolov8m_352x640 thermal=Fair level=0 lowpower=0 battery=full/100 mem=57 cam=28.6 proc=28.6 busy=0.0 pre=1.9 pred=27.7 post=0.3 draw=0.1 e2e=47 obj=0.3
t=80 model=yolov8m_352x640 thermal=Fair level=0 lowpower=0 battery=full/100 mem=57 cam=31.4 proc=31.3 busy=0.0 pre=1.8 pred=26.4 post=0.3 draw=0.1 e2e=46 obj=0.4
t=81 model=yolov8m_352x640 thermal=Fair level=0 lowpower=0 battery=full/100 mem=57 cam=29.7 proc=29.7 busy=0.0 pre=1.7 pred=26.2 post=0.3 draw=0.2 e2e=46 obj=0.7
t=82 model=yolov8m_352x640 thermal=Fair level=0 lowpower=0 battery=full/100 mem=57 cam=28.5 proc=28.6 busy=0.0 pre=1.8 pred=27.1 post=0.3 draw=0.2 e2e=47 obj=0.6
t=83 model=yolov8m_352x640 thermal=Fair level=0 lowpower=0 battery=full/100 mem=57 cam=31.7 proc=31.8 busy=0.0 pre=2.2 pred=29.3 post=0.4 draw=0.2 e2e=49 obj=0.6
t=84 model=yolov8m_352x640 thermal=Fair level=0 lowpower=0 battery=full/100 mem=57 cam=29.5 proc=29.5 busy=0.0 pre=1.7 pred=26.4 post=0.3 draw=0.2 e2e=46 obj=0.7
t=85 model=yolov8m_352x640 thermal=Fair level=0 lowpower=0 battery=full/100 mem=57 cam=28.9 proc=29.0 busy=0.0 pre=1.8 pred=26.4 post=0.3 draw=0.2 e2e=46 obj=0.9
t=86 model=yolov8m_352x640 thermal=Fair level=0 lowpower=0 battery=full/100 mem=57 cam=31.7 proc=31.8 busy=0.0 pre=1.7 pred=26.1 post=0.3 draw=0.2 e2e=46 obj=0.6
t=87 model=yolov8m_352x640 thermal=Fair level=0 lowpower=0 battery=full/100 mem=57 cam=31.7 proc=30.0 busy=0.0 pre=1.7 pred=26.8 post=0.3 draw=0.1 e2e=46 obj=0.4
t=88 model=yolov8m_352x640 thermal=Fair level=0 lowpower=0 battery=full/100 mem=57 cam=30.0 proc=31.5 busy=0.0 pre=1.8 pred=26.7 post=0.3 draw=0.2 e2e=46 obj=0.6
t=89 model=yolov8m_352x640 thermal=Serious level=1 lowpower=0 battery=full/100 mem=57 cam=31.4 proc=31.4 busy=0.0 pre=2.5 pred=30.6 post=0.4 draw=0.3 e2e=51 obj=0.7
t=90 model=yolov8m_352x640 thermal=Serious level=1 lowpower=0 battery=full/100 mem=57 cam=30.0 proc=15.0 busy=0.0 pre=8.5 pred=30.9 post=0.4 draw=0.3 e2e=65 obj=0.9
t=91 model=yolov8m_352x640 thermal=Serious level=1 lowpower=0 battery=full/100 mem=57 cam=30.2 proc=15.0 busy=0.0 pre=8.0 pred=31.0 post=0.4 draw=0.1 e2e=65 obj=0.4
t=92 model=yolov8m_352x640 thermal=Serious level=1 lowpower=0 battery=full/100 mem=57 cam=30.0 proc=14.0 busy=0.0 pre=6.6 pred=35.6 post=0.4 draw=0.2 e2e=67 obj=0.4
t=93 model=yolov8m_352x640 thermal=Serious level=1 lowpower=0 battery=full/100 mem=57 cam=30.1 proc=15.1 busy=0.0 pre=7.0 pred=32.3 post=0.4 draw=0.2 e2e=65 obj=0.8
t=94 model=yolov8m_352x640 thermal=Serious level=1 lowpower=0 battery=full/100 mem=57 cam=30.8 proc=15.4 busy=0.0 pre=5.6 pred=35.7 post=0.4 draw=0.1 e2e=65 obj=0.4
t=95 model=yolov8m_352x640 thermal=Serious level=1 lowpower=0 battery=full/100 mem=57 cam=30.1 proc=14.0 busy=0.0 pre=7.1 pred=34.7 post=0.4 draw=0.3 e2e=67 obj=0.7
t=96 model=yolov8m_352x640 thermal=Serious level=1 lowpower=0 battery=full/100 mem=57 cam=28.7 proc=15.3 busy=0.0 pre=5.2 pred=36.8 post=0.4 draw=0.2 e2e=64 obj=0.8
t=97 model=yolov8m_352x640 thermal=Serious level=1 lowpower=0 battery=full/100 mem=57 cam=31.4 proc=15.3 busy=0.0 pre=4.4 pred=39.3 post=0.4 draw=0.2 e2e=66 obj=0.6
t=98 model=yolov8m_352x640 thermal=Serious level=1 lowpower=0 battery=full/100 mem=57 cam=31.5 proc=15.0 busy=0.0 pre=5.7 pred=36.8 post=0.4 draw=0.0 e2e=65 obj=0.1
t=99 model=yolov8m_352x640 thermal=Serious level=1 lowpower=0 battery=full/100 mem=57 cam=29.8 proc=15.0 busy=0.0 pre=5.4 pred=37.5 post=0.4 draw=0.3 e2e=67 obj=0.8
t=100 model=yolov8m_352x640 thermal=Serious level=1 lowpower=0 battery=full/100 mem=57 cam=31.3 proc=15.6 busy=0.0 pre=6.6 pred=36.6 post=0.4 draw=0.1 e2e=67 obj=0.4
t=101 model=yolov8m_352x640 thermal=Serious level=1 lowpower=0 battery=full/100 mem=57 cam=30.4 proc=15.2 busy=0.0 pre=6.4 pred=37.1 post=0.4 draw=0.2 e2e=68 obj=0.6
t=102 model=yolov8m_352x640 thermal=Serious level=1 lowpower=0 battery=full/100 mem=57 cam=30.0 proc=15.0 busy=0.0 pre=6.0 pred=38.3 post=0.4 draw=0.2 e2e=69 obj=0.5
t=103 model=yolov8m_352x640 thermal=Serious level=1 lowpower=0 battery=full/100 mem=57 cam=30.2 proc=15.1 busy=0.0 pre=6.1 pred=33.2 post=0.4 draw=0.3 e2e=64 obj=0.8
t=104 model=yolov8m_352x640 thermal=Serious level=1 lowpower=0 battery=full/100 mem=57 cam=28.9 proc=13.4 busy=0.0 pre=7.3 pred=33.0 post=0.4 draw=0.2 e2e=65 obj=0.7
t=105 model=yolov8m_352x640 thermal=Serious level=1 lowpower=0 battery=full/100 mem=57 cam=29.7 proc=15.8 busy=0.0 pre=8.2 pred=32.1 post=0.4 draw=0.1 e2e=66 obj=0.1
t=106 model=yolov8m_352x640 thermal=Serious level=1 lowpower=0 battery=full/100 mem=57 cam=31.1 proc=15.6 busy=0.0 pre=6.3 pred=34.0 post=0.4 draw=0.2 e2e=66 obj=0.6
t=107 model=yolov8m_352x640 thermal=Serious level=1 lowpower=0 battery=full/100 mem=57 cam=30.1 proc=15.1 busy=0.0 pre=7.0 pred=30.9 post=0.4 draw=0.2 e2e=64 obj=0.5
t=108 model=yolov8m_352x640 thermal=Serious level=1 lowpower=0 battery=full/100 mem=57 cam=30.0 proc=15.9 busy=0.0 pre=6.6 pred=34.0 post=0.4 draw=0.2 e2e=65 obj=0.5
t=109 model=yolov8m_352x640 thermal=Serious level=1 lowpower=0 battery=full/100 mem=57 cam=29.9 proc=15.3 busy=0.0 pre=5.9 pred=33.4 post=0.4 draw=0.2 e2e=64 obj=0.4
t=111 model=yolov8m_352x640 thermal=Serious level=1 lowpower=0 battery=full/100 mem=57 cam=29.8 proc=15.0 busy=0.0 pre=7.9 pred=31.2 post=0.4 draw=0.1 e2e=64 obj=0.2
t=112 model=yolov8m_352x640 thermal=Serious level=1 lowpower=0 battery=full/100 mem=57 cam=31.5 proc=13.5 busy=0.0 pre=7.1 pred=33.2 post=0.5 draw=0.3 e2e=65 obj=0.7
t=113 model=yolov8m_352x640 thermal=Serious level=1 lowpower=0 battery=full/100 mem=57 cam=28.5 proc=15.2 busy=0.0 pre=7.5 pred=30.6 post=0.4 draw=0.3 e2e=64 obj=1.0
t=114 model=yolov8m_352x640 thermal=Serious level=1 lowpower=0 battery=full/100 mem=57 cam=29.9 proc=15.1 busy=0.0 pre=6.7 pred=31.1 post=0.4 draw=0.2 e2e=64 obj=0.6
t=115 model=yolov8m_352x640 thermal=Serious level=1 lowpower=0 battery=full/100 mem=57 cam=29.8 proc=15.0 busy=0.0 pre=7.4 pred=30.7 post=0.4 draw=0.1 e2e=64 obj=0.5
t=116 model=yolov8m_352x640 thermal=Serious level=1 lowpower=0 battery=full/100 mem=57 cam=30.0 proc=15.0 busy=0.0 pre=7.8 pred=33.7 post=0.4 draw=0.2 e2e=66 obj=0.6
t=117 model=yolov8m_352x640 thermal=Serious level=1 lowpower=0 battery=full/100 mem=57 cam=30.0 proc=15.0 busy=0.0 pre=6.5 pred=30.7 post=0.4 draw=0.2 e2e=63 obj=0.5
t=118 model=yolov8m_352x640 thermal=Serious level=1 lowpower=0 battery=full/100 mem=57 cam=30.1 proc=15.1 busy=0.0 pre=8.2 pred=31.0 post=0.4 draw=0.2 e2e=65 obj=0.6
t=119 model=yolov8m_352x640 thermal=Serious level=1 lowpower=0 battery=full/100 mem=57 cam=30.0 proc=15.0 busy=0.0 pre=7.6 pred=30.9 post=0.4 draw=0.3 e2e=65 obj=0.8
t=120 model=yolov8m_352x640 thermal=Serious level=1 lowpower=0 battery=full/100 mem=57 cam=31.2 proc=15.6 busy=0.0 pre=6.4 pred=33.0 post=0.4 draw=0.2 e2e=65 obj=0.5
t=121 model=yolov8m_352x640 thermal=Serious level=1 lowpower=0 battery=full/100 mem=57 cam=28.9 proc=15.4 busy=0.0 pre=7.7 pred=30.7 post=0.4 draw=0.2 e2e=64 obj=0.4
t=122 model=yolov8m_352x640 thermal=Serious level=1 lowpower=0 battery=full/100 mem=57 cam=30.0 proc=13.2 busy=0.0 pre=5.6 pred=34.9 post=0.4 draw=0.1 e2e=66 obj=0.4
t=123 model=yolov8m_352x640 thermal=Serious level=1 lowpower=0 battery=full/100 mem=57 cam=30.8 proc=13.4 busy=0.0 pre=7.9 pred=30.8 post=0.4 draw=0.2 e2e=64 obj=0.4
t=124 model=yolov8m_352x640 thermal=Serious level=1 lowpower=0 battery=full/100 mem=57 cam=29.9 proc=15.8 busy=0.0 pre=7.3 pred=31.1 post=0.4 draw=0.1 e2e=64 obj=0.4
t=125 model=yolov8m_352x640 thermal=Serious level=1 lowpower=0 battery=full/100 mem=57 cam=30.7 proc=13.4 busy=0.0 pre=7.8 pred=30.9 post=0.4 draw=0.3 e2e=64 obj=0.9
t=126 model=yolov8m_352x640 thermal=Serious level=1 lowpower=0 battery=full/100 mem=57 cam=29.8 proc=13.9 busy=0.0 pre=6.7 pred=32.7 post=0.4 draw=0.2 e2e=65 obj=0.4
t=127 model=yolov8m_352x640 thermal=Serious level=1 lowpower=0 battery=full/100 mem=57 cam=30.6 proc=15.3 busy=0.0 pre=6.1 pred=34.3 post=0.4 draw=0.2 e2e=64 obj=0.5
t=128 model=yolov8m_352x640 thermal=Serious level=1 lowpower=0 battery=full/100 mem=57 cam=29.4 proc=13.7 busy=0.0 pre=8.0 pred=30.4 post=0.4 draw=0.1 e2e=64 obj=0.3
t=129 model=yolov8m_352x640 thermal=Serious level=1 lowpower=0 battery=full/100 mem=57 cam=29.8 proc=15.9 busy=0.0 pre=5.3 pred=37.4 post=0.4 draw=0.1 e2e=66 obj=0.2
t=130 model=yolov8m_352x640 thermal=Serious level=1 lowpower=0 battery=full/100 mem=57 cam=30.0 proc=15.0 busy=0.0 pre=6.9 pred=30.5 post=0.4 draw=0.2 e2e=63 obj=0.4
t=131 model=yolov8m_352x640 thermal=Serious level=1 lowpower=0 battery=full/100 mem=57 cam=30.7 proc=15.8 busy=0.0 pre=5.3 pred=39.5 post=0.4 draw=0.2 e2e=67 obj=0.4
t=132 model=yolov8m_352x640 thermal=Serious level=1 lowpower=0 battery=full/100 mem=57 cam=29.2 proc=15.5 busy=0.0 pre=5.4 pred=37.5 post=0.4 draw=0.3 e2e=66 obj=0.8
t=133 model=yolov8m_352x640 thermal=Serious level=1 lowpower=0 battery=full/100 mem=57 cam=30.0 proc=15.0 busy=0.0 pre=7.1 pred=31.2 post=0.5 draw=0.3 e2e=64 obj=0.6
t=134 model=yolov8m_352x640 thermal=Serious level=1 lowpower=0 battery=full/100 mem=57 cam=29.9 proc=14.0 busy=0.0 pre=5.2 pred=35.5 post=0.4 draw=0.1 e2e=65 obj=0.3
t=135 model=yolov8m_352x640 thermal=Serious level=1 lowpower=0 battery=full/100 mem=57 cam=30.1 proc=15.0 busy=0.0 pre=7.9 pred=31.3 post=0.5 draw=0.2 e2e=65 obj=0.4
t=136 model=yolov8m_352x640 thermal=Serious level=1 lowpower=0 battery=full/100 mem=57 cam=30.5 proc=15.2 busy=0.0 pre=4.7 pred=38.5 post=0.4 draw=0.1 e2e=67 obj=0.2
t=137 model=yolov8m_352x640 thermal=Serious level=1 lowpower=0 battery=full/100 mem=57 cam=30.1 proc=15.2 busy=0.0 pre=8.0 pred=31.1 post=0.4 draw=0.2 e2e=65 obj=0.6
t=138 model=yolov8m_352x640 thermal=Serious level=1 lowpower=0 battery=full/100 mem=57 cam=29.9 proc=15.0 busy=0.0 pre=7.9 pred=30.5 post=0.4 draw=0.3 e2e=64 obj=0.6
t=139 model=yolov8m_352x640 thermal=Serious level=1 lowpower=0 battery=full/100 mem=57 cam=29.0 proc=15.5 busy=0.0 pre=7.6 pred=34.7 post=0.4 draw=0.0 e2e=67 obj=0.1
t=140 model=yolov8m_352x640 thermal=Serious level=1 lowpower=0 battery=full/100 mem=57 cam=30.0 proc=13.2 busy=0.0 pre=6.3 pred=38.2 post=0.5 draw=0.3 e2e=68 obj=0.7
t=141 model=yolov8m_352x640 thermal=Serious level=1 lowpower=0 battery=full/100 mem=57 cam=30.9 proc=15.9 busy=0.0 pre=8.2 pred=30.5 post=0.4 draw=0.2 e2e=63 obj=0.6
t=142 model=yolov8m_352x640 thermal=Serious level=1 lowpower=0 battery=full/100 mem=57 cam=30.2 proc=15.2 busy=0.0 pre=6.5 pred=36.3 post=0.4 draw=0.2 e2e=67 obj=0.5
t=143 model=yolov8m_352x640 thermal=Serious level=1 lowpower=0 battery=full/100 mem=57 cam=30.0 proc=15.0 busy=0.0 pre=5.6 pred=38.4 post=0.4 draw=0.2 e2e=68 obj=0.8
t=144 model=yolov8m_352x640 thermal=Serious level=1 lowpower=0 battery=full/100 mem=57 cam=31.4 proc=15.7 busy=0.0 pre=5.4 pred=40.8 post=0.4 draw=0.3 e2e=70 obj=0.9
t=145 model=yolov8m_352x640 thermal=Serious level=1 lowpower=0 battery=full/100 mem=57 cam=29.8 proc=15.8 busy=0.0 pre=5.9 pred=37.8 post=0.4 draw=0.1 e2e=67 obj=0.4
t=146 model=yolov8m_352x640 thermal=Serious level=1 lowpower=0 battery=full/100 mem=57 cam=30.0 proc=14.0 busy=0.0 pre=7.1 pred=33.6 post=0.4 draw=0.1 e2e=65 obj=0.4
t=147 model=yolov8m_352x640 thermal=Serious level=1 lowpower=0 battery=full/100 mem=57 cam=29.9 proc=15.3 busy=0.0 pre=7.1 pred=30.7 post=0.4 draw=0.2 e2e=62 obj=0.6
t=148 model=yolov8m_352x640 thermal=Serious level=1 lowpower=0 battery=full/100 mem=57 cam=30.2 proc=15.0 busy=0.0 pre=5.5 pred=39.3 post=0.4 draw=0.2 e2e=68 obj=0.6
t=149 model=yolov8m_352x640 thermal=Serious level=1 lowpower=0 battery=full/100 mem=57 cam=30.2 proc=15.1 busy=0.0 pre=5.0 pred=39.3 post=0.4 draw=0.2 e2e=68 obj=0.5
t=150 model=yolov8m_352x640 thermal=Serious level=1 lowpower=0 battery=full/100 mem=57 cam=29.7 proc=15.9 busy=0.0 pre=7.8 pred=30.9 post=0.4 draw=0.1 e2e=65 obj=0.5
t=151 model=yolov8m_352x640 thermal=Serious level=1 lowpower=0 battery=full/100 mem=57 cam=30.2 proc=15.1 busy=0.0 pre=7.4 pred=31.2 post=0.4 draw=0.2 e2e=64 obj=0.5
t=152 model=yolov8m_352x640 thermal=Serious level=1 lowpower=0 battery=full/100 mem=57 cam=30.0 proc=15.0 busy=0.0 pre=6.6 pred=30.7 post=0.4 draw=0.1 e2e=63 obj=0.4
t=153 model=yolov8m_352x640 thermal=Serious level=1 lowpower=0 battery=full/100 mem=57 cam=30.0 proc=15.0 busy=0.0 pre=6.5 pred=30.3 post=0.4 draw=0.1 e2e=62 obj=0.2
t=154 model=yolov8m_352x640 thermal=Serious level=1 lowpower=0 battery=full/100 mem=57 cam=30.4 proc=15.1 busy=0.0 pre=6.8 pred=30.7 post=0.4 draw=0.3 e2e=64 obj=0.9
t=155 model=yolov8m_352x640 thermal=Serious level=1 lowpower=0 battery=full/100 mem=57 cam=30.0 proc=16.0 busy=0.0 pre=7.9 pred=31.1 post=0.4 draw=0.1 e2e=65 obj=0.4
t=156 model=yolov8m_352x640 thermal=Serious level=1 lowpower=0 battery=full/100 mem=57 cam=30.0 proc=15.0 busy=0.0 pre=7.0 pred=31.7 post=0.4 draw=0.1 e2e=65 obj=0.1
t=157 model=yolov8m_352x640 thermal=Serious level=1 lowpower=0 battery=full/100 mem=57 cam=29.9 proc=13.9 busy=0.0 pre=5.8 pred=33.2 post=0.4 draw=0.1 e2e=63 obj=0.4
t=158 model=yolov8m_352x640 thermal=Serious level=1 lowpower=0 battery=full/100 mem=57 cam=31.1 proc=15.5 busy=0.0 pre=6.7 pred=30.1 post=0.4 draw=0.2 e2e=62 obj=0.6
t=159 model=yolov8m_352x640 thermal=Serious level=1 lowpower=0 battery=full/100 mem=57 cam=29.1 proc=13.6 busy=0.0 pre=6.3 pred=32.0 post=0.4 draw=0.1 e2e=63 obj=0.1
t=160 model=yolov8m_352x640 thermal=Serious level=1 lowpower=0 battery=full/100 mem=57 cam=30.0 proc=15.0 busy=0.0 pre=6.1 pred=35.1 post=0.4 draw=0.1 e2e=68 obj=0.4
t=161 model=yolov8m_352x640 thermal=Serious level=1 lowpower=0 battery=full/100 mem=57 cam=31.1 proc=13.6 busy=0.0 pre=6.9 pred=31.3 post=0.4 draw=0.2 e2e=63 obj=0.4
t=162 model=yolov8m_352x640 thermal=Serious level=1 lowpower=0 battery=full/100 mem=57 cam=29.9 proc=13.9 busy=0.0 pre=6.8 pred=36.5 post=0.4 draw=0.3 e2e=68 obj=0.6
t=163 model=yolov8m_352x640 thermal=Serious level=1 lowpower=0 battery=full/100 mem=57 cam=29.7 proc=15.9 busy=0.0 pre=7.2 pred=31.1 post=0.4 draw=0.2 e2e=64 obj=0.4
t=165 model=yolov8m_352x640 thermal=Serious level=1 lowpower=0 battery=full/100 mem=57 cam=29.9 proc=13.9 busy=0.0 pre=7.8 pred=30.7 post=0.4 draw=0.1 e2e=65 obj=0.1
t=166 model=yolov8m_352x640 thermal=Serious level=1 lowpower=0 battery=full/100 mem=57 cam=29.7 proc=15.9 busy=0.0 pre=7.4 pred=30.7 post=0.4 draw=0.2 e2e=64 obj=0.5
t=167 model=yolov8m_352x640 thermal=Serious level=1 lowpower=0 battery=full/100 mem=57 cam=30.0 proc=14.0 busy=0.0 pre=4.8 pred=39.8 post=0.4 draw=0.0 e2e=70 obj=0.0
t=168 model=yolov8m_352x640 thermal=Serious level=1 lowpower=0 battery=full/100 mem=57 cam=30.0 proc=15.8 busy=0.0 pre=7.1 pred=31.0 post=0.4 draw=0.1 e2e=64 obj=0.1
t=169 model=yolov8m_352x640 thermal=Serious level=1 lowpower=0 battery=full/100 mem=57 cam=30.1 proc=15.0 busy=0.0 pre=7.9 pred=30.9 post=0.4 draw=0.1 e2e=64 obj=0.1
t=170 model=yolov8m_352x640 thermal=Serious level=1 lowpower=0 battery=full/100 mem=57 cam=30.0 proc=15.2 busy=0.0 pre=4.7 pred=39.7 post=0.3 draw=0.1 e2e=68 obj=0.1
t=171 model=yolov8m_352x640 thermal=Serious level=1 lowpower=0 battery=full/100 mem=57 cam=30.7 proc=15.8 busy=0.0 pre=7.4 pred=32.8 post=0.4 draw=0.1 e2e=65 obj=0.1
t=172 model=yolov8m_352x640 thermal=Serious level=1 lowpower=0 battery=full/100 mem=57 cam=30.0 proc=15.8 busy=0.0 pre=8.2 pred=30.8 post=0.4 draw=0.1 e2e=64 obj=0.2
t=173 model=yolov8m_352x640 thermal=Serious level=1 lowpower=0 battery=full/100 mem=57 cam=30.2 proc=14.0 busy=0.0 pre=8.1 pred=30.5 post=0.4 draw=0.0 e2e=64 obj=0.0
t=174 model=yolov8m_352x640 thermal=Serious level=1 lowpower=0 battery=full/100 mem=57 cam=31.8 proc=15.7 busy=0.0 pre=6.8 pred=33.7 post=0.4 draw=0.1 e2e=65 obj=0.2
t=175 model=yolov8m_352x640 thermal=Serious level=1 lowpower=0 battery=full/100 mem=57 cam=31.2 proc=15.1 busy=0.0 pre=6.9 pred=35.5 post=0.4 draw=0.1 e2e=67 obj=0.4
t=176 model=yolov8m_352x640 thermal=Serious level=1 lowpower=0 battery=full/100 mem=57 cam=30.8 proc=13.7 busy=0.0 pre=8.9 pred=31.2 post=0.4 draw=0.2 e2e=65 obj=0.6
t=177 model=yolov8m_352x640 thermal=Serious level=1 lowpower=0 battery=full/100 mem=57 cam=30.0 proc=13.8 busy=0.0 pre=7.4 pred=31.0 post=0.4 draw=0.1 e2e=63 obj=0.1
t=178 model=yolov8m_352x640 thermal=Serious level=1 lowpower=0 battery=full/100 mem=57 cam=30.1 proc=15.5 busy=0.0 pre=6.5 pred=30.9 post=0.4 draw=0.1 e2e=62 obj=0.5
t=179 model=yolov8m_352x640 thermal=Serious level=1 lowpower=0 battery=full/100 mem=57 cam=30.0 proc=15.5 busy=0.0 pre=5.0 pred=38.2 post=0.4 draw=0.1 e2e=66 obj=0.4
t=180 model=yolov8m_352x640 thermal=Serious level=2 lowpower=0 battery=full/100 mem=57 cam=29.7 proc=15.0 busy=0.0 pre=5.1 pred=39.1 post=0.4 draw=0.1 e2e=68 obj=0.1
t=181 model=yolov8m_352x640 thermal=Serious level=2 lowpower=0 battery=full/100 mem=57 cam=30.0 proc=10.0 busy=0.0 pre=8.6 pred=30.5 post=0.4 draw=0.2 e2e=64 obj=0.4
t=182 model=yolov8m_352x640 thermal=Serious level=2 lowpower=0 battery=full/100 mem=57 cam=30.0 proc=10.0 busy=0.0 pre=3.2 pred=61.1 post=0.3 draw=0.1 e2e=88 obj=0.2
t=183 model=yolov8m_352x640 thermal=Serious level=2 lowpower=0 battery=full/100 mem=57 cam=31.2 proc=9.4 busy=0.0 pre=3.5 pred=58.2 post=0.3 draw=0.0 e2e=87 obj=0.0
t=184 model=yolov8m_352x640 thermal=Serious level=2 lowpower=0 battery=full/100 mem=57 cam=30.0 proc=9.5 busy=0.0 pre=2.9 pred=60.2 post=0.4 draw=0.1 e2e=88 obj=0.2
t=185 model=yolov8m_352x640 thermal=Serious level=2 lowpower=0 battery=full/100 mem=57 cam=29.8 proc=9.8 busy=0.0 pre=8.2 pred=31.1 post=0.4 draw=0.1 e2e=65 obj=0.2
t=186 model=yolov8m_352x640 thermal=Serious level=2 lowpower=0 battery=full/100 mem=57 cam=29.8 proc=9.5 busy=0.0 pre=9.9 pred=30.0 post=0.4 draw=0.0 e2e=65 obj=0.0
t=187 model=yolov8m_352x640 thermal=Serious level=2 lowpower=0 battery=full/100 mem=57 cam=29.9 proc=11.2 busy=0.0 pre=9.2 pred=32.6 post=0.4 draw=0.3 e2e=68 obj=0.8
t=188 model=yolov8m_352x640 thermal=Serious level=2 lowpower=0 battery=full/100 mem=57 cam=30.0 proc=9.5 busy=0.0 pre=9.5 pred=30.7 post=0.4 draw=0.2 e2e=66 obj=0.4
t=189 model=yolov8m_352x640 thermal=Serious level=2 lowpower=0 battery=full/100 mem=57 cam=29.8 proc=11.9 busy=0.0 pre=5.5 pred=39.6 post=0.4 draw=0.2 e2e=70 obj=0.5
t=190 model=yolov8m_352x640 thermal=Serious level=2 lowpower=0 battery=full/100 mem=57 cam=30.5 proc=9.6 busy=0.0 pre=7.4 pred=32.1 post=0.6 draw=0.1 e2e=65 obj=0.2
t=191 model=yolov8m_352x640 thermal=Serious level=2 lowpower=0 battery=full/100 mem=57 cam=29.8 proc=9.5 busy=0.0 pre=7.9 pred=30.9 post=0.4 draw=0.1 e2e=65 obj=0.2
t=192 model=yolov8m_352x640 thermal=Serious level=2 lowpower=0 battery=full/100 mem=57 cam=28.5 proc=11.2 busy=0.0 pre=2.8 pred=59.5 post=0.3 draw=0.1 e2e=88 obj=0.3
t=193 model=yolov8m_352x640 thermal=Serious level=2 lowpower=0 battery=full/100 mem=57 cam=30.0 proc=10.0 busy=0.0 pre=2.2 pred=62.2 post=0.3 draw=0.1 e2e=89 obj=0.4
t=194 model=yolov8m_352x640 thermal=Serious level=2 lowpower=0 battery=full/100 mem=57 cam=30.3 proc=11.9 busy=0.0 pre=5.0 pred=44.5 post=0.5 draw=0.0 e2e=75 obj=0.0
t=195 model=yolov8m_352x640 thermal=Serious level=2 lowpower=0 battery=full/100 mem=57 cam=30.0 proc=9.4 busy=0.0 pre=7.3 pred=31.3 post=0.4 draw=0.1 e2e=64 obj=0.2
t=196 model=yolov8m_352x640 thermal=Serious level=2 lowpower=0 battery=full/100 mem=57 cam=29.9 proc=10.0 busy=0.0 pre=7.5 pred=30.8 post=0.4 draw=0.0 e2e=63 obj=0.0
t=197 model=yolov8m_352x640 thermal=Serious level=2 lowpower=0 battery=full/100 mem=57 cam=30.0 proc=9.9 busy=0.0 pre=6.6 pred=30.7 post=0.4 draw=0.1 e2e=63 obj=0.2
t=198 model=yolov8m_352x640 thermal=Serious level=2 lowpower=0 battery=full/100 mem=57 cam=29.9 proc=9.8 busy=0.0 pre=7.1 pred=31.2 post=0.4 draw=0.0 e2e=63 obj=0.0
t=199 model=yolov8m_352x640 thermal=Serious level=2 lowpower=0 battery=full/100 mem=57 cam=30.0 proc=11.8 busy=0.0 pre=2.4 pred=61.7 post=0.3 draw=0.2 e2e=89 obj=0.8
t=200 model=yolov8m_352x640 thermal=Serious level=2 lowpower=0 battery=full/100 mem=57 cam=28.8 proc=10.0 busy=0.0 pre=2.2 pred=61.9 post=0.4 draw=0.2 e2e=88 obj=0.4
t=201 model=yolov8m_352x640 thermal=Serious level=2 lowpower=0 battery=full/100 mem=57 cam=30.0 proc=9.4 busy=0.0 pre=2.2 pred=62.4 post=0.4 draw=0.2 e2e=90 obj=0.6
t=202 model=yolov8m_352x640 thermal=Serious level=2 lowpower=0 battery=full/100 mem=57 cam=29.6 proc=11.5 busy=0.0 pre=2.3 pred=60.7 post=0.4 draw=0.1 e2e=89 obj=0.3
t=203 model=yolov8m_352x640 thermal=Serious level=2 lowpower=0 battery=full/100 mem=57 cam=30.0 proc=9.4 busy=0.0 pre=7.1 pred=30.7 post=0.4 draw=0.0 e2e=64 obj=0.0
t=204 model=yolov8m_352x640 thermal=Serious level=2 lowpower=0 battery=full/100 mem=58 cam=30.0 proc=9.7 busy=0.0 pre=4.5 pred=53.6 post=0.4 draw=0.1 e2e=85 obj=0.4
t=205 model=yolov8m_352x640 thermal=Serious level=2 lowpower=0 battery=full/100 mem=57 cam=29.2 proc=9.5 busy=0.0 pre=7.1 pred=30.4 post=0.4 draw=0.2 e2e=63 obj=0.6
t=206 model=yolov8m_352x640 thermal=Serious level=2 lowpower=0 battery=full/100 mem=57 cam=30.2 proc=9.9 busy=0.0 pre=8.2 pred=30.9 post=0.4 draw=0.0 e2e=65 obj=0.0
t=208 model=yolov8m_352x640 thermal=Serious level=2 lowpower=0 battery=full/100 mem=57 cam=29.7 proc=9.5 busy=0.0 pre=7.5 pred=31.2 post=0.4 draw=0.1 e2e=65 obj=0.2
t=209 model=yolov8m_352x640 thermal=Serious level=2 lowpower=0 battery=full/100 mem=57 cam=30.2 proc=9.8 busy=0.0 pre=7.4 pred=32.0 post=0.6 draw=0.2 e2e=65 obj=0.2
t=210 model=yolov8m_352x640 thermal=Serious level=2 lowpower=0 battery=full/100 mem=58 cam=31.6 proc=9.4 busy=0.0 pre=6.7 pred=41.0 post=0.4 draw=0.2 e2e=73 obj=0.4
t=211 model=yolov8m_352x640 thermal=Serious level=2 lowpower=0 battery=full/100 mem=57 cam=30.1 proc=9.4 busy=0.0 pre=7.6 pred=30.3 post=0.4 draw=0.1 e2e=64 obj=0.4
t=212 model=yolov8m_352x640 thermal=Serious level=2 lowpower=0 battery=full/100 mem=57 cam=30.0 proc=9.7 busy=0.0 pre=7.9 pred=30.3 post=0.4 draw=0.1 e2e=64 obj=0.4
t=213 model=yolov8m_352x640 thermal=Serious level=2 lowpower=0 battery=full/100 mem=57 cam=30.3 proc=11.7 busy=0.0 pre=5.0 pred=44.4 post=0.4 draw=0.1 e2e=74 obj=0.3
t=214 model=yolov8m_352x640 thermal=Serious level=2 lowpower=0 battery=full/100 mem=57 cam=30.3 proc=11.6 busy=0.0 pre=4.5 pred=49.3 post=0.4 draw=0.1 e2e=79 obj=0.2
t=215 model=yolov8m_352x640 thermal=Serious level=2 lowpower=0 battery=full/100 mem=57 cam=30.0 proc=10.0 busy=0.0 pre=7.3 pred=30.7 post=0.4 draw=0.2 e2e=64 obj=0.4
t=216 model=yolov8m_352x640 thermal=Serious level=2 lowpower=0 battery=full/100 mem=57 cam=30.3 proc=10.0 busy=0.0 pre=8.8 pred=30.7 post=0.4 draw=0.3 e2e=65 obj=0.6
t=217 model=yolov8m_352x640 thermal=Serious level=2 lowpower=0 battery=full/100 mem=57 cam=30.5 proc=11.7 busy=0.0 pre=9.1 pred=29.9 post=0.4 draw=0.0 e2e=64 obj=0.0
t=218 model=yolov8m_352x640 thermal=Serious level=2 lowpower=0 battery=full/100 mem=57 cam=29.7 proc=9.5 busy=0.0 pre=8.8 pred=31.7 post=0.5 draw=0.1 e2e=66 obj=0.2
t=219 model=yolov8m_352x640 thermal=Serious level=2 lowpower=0 battery=full/100 mem=57 cam=30.0 proc=9.5 busy=0.0 pre=10.0 pred=30.8 post=0.4 draw=0.1 e2e=66 obj=0.4
t=220 model=yolov8m_352x640 thermal=Serious level=2 lowpower=0 battery=full/100 mem=57 cam=30.2 proc=11.2 busy=0.0 pre=8.7 pred=31.3 post=0.4 draw=0.1 e2e=66 obj=0.3
t=221 model=yolov8m_352x640 thermal=Serious level=2 lowpower=0 battery=full/100 mem=57 cam=29.5 proc=9.5 busy=0.0 pre=8.3 pred=31.3 post=0.4 draw=0.0 e2e=65 obj=0.0
t=222 model=yolov8m_352x640 thermal=Serious level=2 lowpower=0 battery=full/100 mem=57 cam=29.3 proc=10.0 busy=0.0 pre=9.2 pred=31.5 post=0.4 draw=0.0 e2e=66 obj=0.0
t=223 model=yolov8m_352x640 thermal=Serious level=2 lowpower=0 battery=full/100 mem=57 cam=30.3 proc=9.9 busy=0.0 pre=9.0 pred=30.8 post=0.4 draw=0.2 e2e=64 obj=0.6
t=224 model=yolov8m_352x640 thermal=Serious level=2 lowpower=0 battery=full/100 mem=57 cam=30.1 proc=10.0 busy=0.0 pre=9.5 pred=30.4 post=0.4 draw=0.1 e2e=65 obj=0.4
t=225 model=yolov8m_352x640 thermal=Serious level=2 lowpower=0 battery=full/100 mem=57 cam=29.8 proc=9.6 busy=0.0 pre=8.2 pred=30.8 post=0.4 draw=0.1 e2e=65 obj=0.2
t=226 model=yolov8m_352x640 thermal=Serious level=2 lowpower=0 battery=full/100 mem=57 cam=29.4 proc=9.5 busy=0.0 pre=8.9 pred=32.1 post=0.4 draw=0.2 e2e=66 obj=0.6
t=227 model=yolov8m_352x640 thermal=Serious level=2 lowpower=0 battery=full/100 mem=57 cam=30.8 proc=10.0 busy=0.0 pre=8.3 pred=31.2 post=0.4 draw=0.1 e2e=65 obj=0.2
t=228 model=yolov8m_352x640 thermal=Serious level=2 lowpower=0 battery=full/100 mem=57 cam=29.8 proc=9.9 busy=0.0 pre=9.9 pred=30.2 post=0.4 draw=0.0 e2e=65 obj=0.0
t=229 model=yolov8m_352x640 thermal=Serious level=2 lowpower=0 battery=full/100 mem=57 cam=30.1 proc=9.5 busy=0.0 pre=7.2 pred=34.9 post=0.4 draw=0.1 e2e=66 obj=0.4
t=230 model=yolov8m_352x640 thermal=Serious level=2 lowpower=0 battery=full/100 mem=57 cam=28.8 proc=9.4 busy=0.0 pre=7.3 pred=42.4 post=0.4 draw=0.1 e2e=75 obj=0.2
t=231 model=yolov8m_352x640 thermal=Serious level=2 lowpower=0 battery=full/100 mem=57 cam=31.9 proc=10.0 busy=0.0 pre=3.0 pred=58.6 post=0.4 draw=0.1 e2e=86 obj=0.2
t=232 model=yolov8m_352x640 thermal=Serious level=2 lowpower=0 battery=full/100 mem=57 cam=31.8 proc=11.2 busy=0.0 pre=2.2 pred=61.3 post=0.3 draw=0.1 e2e=88 obj=0.2
t=233 model=yolov8m_352x640 thermal=Serious level=2 lowpower=0 battery=full/100 mem=57 cam=30.0 proc=9.7 busy=0.0 pre=6.0 pred=42.6 post=0.4 draw=0.0 e2e=73 obj=0.0
t=234 model=yolov8m_352x640 thermal=Serious level=2 lowpower=0 battery=full/100 mem=57 cam=30.2 proc=11.4 busy=0.0 pre=7.7 pred=30.7 post=0.4 draw=0.1 e2e=63 obj=0.2
t=235 model=yolov8m_352x640 thermal=Serious level=2 lowpower=0 battery=full/100 mem=57 cam=30.2 proc=9.9 busy=0.0 pre=7.9 pred=30.5 post=0.4 draw=0.2 e2e=64 obj=0.4
t=236 model=yolov8m_352x640 thermal=Serious level=2 lowpower=0 battery=full/100 mem=57 cam=30.0 proc=10.0 busy=0.0 pre=7.4 pred=31.3 post=0.4 draw=0.2 e2e=63 obj=0.6
t=237 model=yolov8m_352x640 thermal=Serious level=2 lowpower=0 battery=full/100 mem=57 cam=29.9 proc=9.8 busy=0.0 pre=7.5 pred=30.3 post=0.4 draw=0.1 e2e=63 obj=0.4
t=238 model=yolov8m_352x640 thermal=Serious level=2 lowpower=0 battery=full/100 mem=57 cam=31.5 proc=9.8 busy=0.0 pre=6.3 pred=31.2 post=0.4 draw=0.3 e2e=63 obj=0.8
t=239 model=yolov8m_352x640 thermal=Serious level=2 lowpower=0 battery=full/100 mem=57 cam=29.3 proc=9.5 busy=0.0 pre=8.3 pred=30.9 post=0.4 draw=0.2 e2e=64 obj=0.6
t=240 model=yolov8m_352x640 thermal=Serious level=2 lowpower=0 battery=full/100 mem=57 cam=29.9 proc=12.0 busy=0.0 pre=6.8 pred=31.7 post=0.4 draw=0.1 e2e=64 obj=0.3
t=241 model=yolov8m_352x640 thermal=Serious level=2 lowpower=0 battery=full/100 mem=57 cam=30.6 proc=9.4 busy=0.0 pre=8.0 pred=31.3 post=0.5 draw=0.1 e2e=65 obj=0.2
t=242 model=yolov8m_352x640 thermal=Serious level=2 lowpower=0 battery=full/100 mem=57 cam=28.9 proc=9.9 busy=0.0 pre=7.2 pred=31.1 post=0.4 draw=0.2 e2e=64 obj=0.6
t=243 model=yolov8m_352x640 thermal=Serious level=2 lowpower=0 battery=full/100 mem=57 cam=29.2 proc=9.6 busy=0.0 pre=3.0 pred=60.5 post=0.4 draw=0.2 e2e=88 obj=0.4
t=244 model=yolov8m_352x640 thermal=Serious level=2 lowpower=0 battery=full/100 mem=57 cam=29.9 proc=9.9 busy=0.0 pre=2.4 pred=60.6 post=0.4 draw=0.1 e2e=88 obj=0.2
t=245 model=yolov8m_352x640 thermal=Serious level=2 lowpower=0 battery=full/100 mem=57 cam=29.1 proc=10.0 busy=0.0 pre=2.3 pred=62.4 post=0.3 draw=0.0 e2e=90 obj=0.0
t=246 model=yolov8m_352x640 thermal=Serious level=2 lowpower=0 battery=full/100 mem=57 cam=31.7 proc=9.5 busy=0.0 pre=3.7 pred=56.0 post=0.3 draw=0.1 e2e=83 obj=0.2
t=247 model=yolov8m_352x640 thermal=Serious level=2 lowpower=0 battery=full/100 mem=57 cam=30.0 proc=9.4 busy=0.0 pre=2.5 pred=60.3 post=0.4 draw=0.1 e2e=88 obj=0.2
t=249 model=yolov8m_352x640 thermal=Serious level=2 lowpower=0 battery=full/100 mem=57 cam=28.1 proc=10.0 busy=0.0 pre=2.6 pred=60.5 post=0.3 draw=0.2 e2e=89 obj=0.6
t=250 model=yolov8m_352x640 thermal=Serious level=2 lowpower=0 battery=full/100 mem=57 cam=29.6 proc=9.8 busy=0.0 pre=8.7 pred=30.7 post=0.4 draw=0.1 e2e=65 obj=0.2
t=251 model=yolov8m_352x640 thermal=Serious level=2 lowpower=0 battery=full/100 mem=57 cam=29.8 proc=9.5 busy=0.0 pre=7.5 pred=30.9 post=0.4 draw=0.2 e2e=64 obj=0.2
t=252 model=yolov8m_352x640 thermal=Serious level=2 lowpower=0 battery=full/100 mem=57 cam=29.9 proc=9.8 busy=0.0 pre=6.7 pred=30.5 post=0.4 draw=0.1 e2e=63 obj=0.2
t=253 model=yolov8m_352x640 thermal=Serious level=2 lowpower=0 battery=full/100 mem=57 cam=29.4 proc=9.6 busy=0.0 pre=7.1 pred=36.6 post=0.4 draw=0.2 e2e=69 obj=0.6
t=254 model=yolov8m_352x640 thermal=Serious level=2 lowpower=0 battery=full/100 mem=57 cam=30.1 proc=9.5 busy=0.0 pre=7.7 pred=30.7 post=0.4 draw=0.1 e2e=63 obj=0.2
t=255 model=yolov8m_352x640 thermal=Serious level=2 lowpower=0 battery=full/100 mem=57 cam=30.2 proc=9.4 busy=0.0 pre=7.6 pred=31.0 post=0.4 draw=0.0 e2e=64 obj=0.0
t=256 model=yolov8m_352x640 thermal=Serious level=2 lowpower=0 battery=full/100 mem=57 cam=29.9 proc=9.4 busy=0.0 pre=3.2 pred=58.8 post=0.4 draw=0.1 e2e=87 obj=0.2
t=257 model=yolov8m_352x640 thermal=Serious level=2 lowpower=0 battery=full/100 mem=57 cam=29.6 proc=11.2 busy=0.0 pre=4.0 pred=49.6 post=0.4 draw=0.2 e2e=78 obj=0.7
t=258 model=yolov8m_352x640 thermal=Serious level=2 lowpower=0 battery=full/100 mem=57 cam=30.2 proc=9.5 busy=0.0 pre=9.1 pred=30.5 post=0.4 draw=0.1 e2e=65 obj=0.4
t=259 model=yolov8m_352x640 thermal=Serious level=2 lowpower=0 battery=full/100 mem=57 cam=30.0 proc=10.0 busy=0.0 pre=6.1 pred=31.8 post=0.5 draw=0.0 e2e=64 obj=0.0
t=260 model=yolov8m_352x640 thermal=Serious level=2 lowpower=0 battery=full/100 mem=57 cam=29.9 proc=11.2 busy=0.0 pre=3.4 pred=54.0 post=0.3 draw=0.1 e2e=81 obj=0.2
t=261 model=yolov8m_352x640 thermal=Serious level=2 lowpower=0 battery=full/100 mem=57 cam=29.7 proc=10.0 busy=0.0 pre=8.7 pred=30.7 post=0.4 draw=0.2 e2e=65 obj=0.4
t=262 model=yolov8m_352x640 thermal=Serious level=2 lowpower=0 battery=full/100 mem=57 cam=30.0 proc=10.0 busy=0.0 pre=7.9 pred=30.8 post=0.4 draw=0.1 e2e=64 obj=0.4
t=263 model=yolov8m_352x640 thermal=Serious level=2 lowpower=0 battery=full/100 mem=57 cam=30.2 proc=9.4 busy=0.0 pre=7.5 pred=35.5 post=0.4 draw=0.3 e2e=68 obj=0.8
t=264 model=yolov8m_352x640 thermal=Serious level=2 lowpower=0 battery=full/100 mem=57 cam=30.0 proc=9.9 busy=0.0 pre=8.7 pred=30.4 post=0.4 draw=0.2 e2e=65 obj=0.8
t=265 model=yolov8m_352x640 thermal=Serious level=2 lowpower=0 battery=full/100 mem=57 cam=31.3 proc=9.6 busy=0.0 pre=8.3 pred=30.9 post=0.4 draw=0.2 e2e=64 obj=0.6
t=266 model=yolov8m_352x640 thermal=Serious level=2 lowpower=0 battery=full/100 mem=57 cam=29.8 proc=9.8 busy=0.0 pre=9.5 pred=30.6 post=0.4 draw=0.0 e2e=65 obj=0.0
t=267 model=yolov8m_352x640 thermal=Serious level=2 lowpower=0 battery=full/100 mem=57 cam=30.0 proc=9.6 busy=0.0 pre=8.4 pred=30.2 post=0.4 draw=0.2 e2e=64 obj=0.4
t=268 model=yolov8m_352x640 thermal=Serious level=2 lowpower=0 battery=full/100 mem=57 cam=29.6 proc=11.8 busy=0.0 pre=4.3 pred=50.4 post=0.4 draw=0.2 e2e=80 obj=0.3
t=269 model=yolov8m_352x640 thermal=Serious level=2 lowpower=0 battery=full/100 mem=57 cam=29.6 proc=9.7 busy=0.0 pre=8.2 pred=31.2 post=0.4 draw=0.1 e2e=65 obj=0.2
t=270 model=yolov8m_352x640 thermal=Serious level=2 lowpower=0 battery=full/100 mem=57 cam=29.9 proc=9.5 busy=0.0 pre=8.6 pred=30.8 post=0.4 draw=0.3 e2e=65 obj=0.8
t=271 model=yolov8m_352x640 thermal=Serious level=2 lowpower=0 battery=full/100 mem=57 cam=30.0 proc=10.0 busy=0.0 pre=8.7 pred=31.0 post=0.4 draw=0.2 e2e=65 obj=0.4
t=272 model=yolov8m_352x640 thermal=Serious level=2 lowpower=0 battery=full/100 mem=57 cam=28.5 proc=9.4 busy=0.0 pre=8.8 pred=31.1 post=0.4 draw=0.1 e2e=66 obj=0.2
t=273 model=yolov8m_352x640 thermal=Serious level=2 lowpower=0 battery=full/100 mem=60 cam=30.0 proc=9.9 busy=0.0 pre=2.2 pred=60.2 post=0.3 draw=0.2 e2e=87 obj=0.4
t=274 model=yolov8m_352x640 thermal=Serious level=2 lowpower=0 battery=full/100 mem=57 cam=30.0 proc=9.9 busy=0.0 pre=2.2 pred=61.3 post=0.4 draw=0.2 e2e=88 obj=0.6
t=275 model=yolov8m_352x640 thermal=Serious level=2 lowpower=0 battery=full/100 mem=57 cam=30.3 proc=9.5 busy=0.0 pre=3.9 pred=55.2 post=0.3 draw=0.0 e2e=84 obj=0.0
t=276 model=yolov8m_352x640 thermal=Serious level=2 lowpower=0 battery=full/100 mem=57 cam=31.6 proc=9.9 busy=0.0 pre=9.0 pred=30.6 post=0.4 draw=0.2 e2e=66 obj=0.4
t=277 model=yolov8m_352x640 thermal=Serious level=2 lowpower=0 battery=full/100 mem=57 cam=30.2 proc=10.0 busy=0.0 pre=7.3 pred=31.1 post=0.4 draw=0.2 e2e=64 obj=0.6
t=278 model=yolov8m_352x640 thermal=Serious level=2 lowpower=0 battery=full/100 mem=57 cam=28.4 proc=11.4 busy=0.0 pre=8.1 pred=31.0 post=0.4 draw=0.1 e2e=64 obj=0.3
t=279 model=yolov8m_352x640 thermal=Serious level=2 lowpower=0 battery=full/100 mem=57 cam=29.7 proc=9.9 busy=0.0 pre=6.0 pred=31.6 post=0.4 draw=0.2 e2e=63 obj=0.4
t=280 model=yolov8m_352x640 thermal=Serious level=2 lowpower=0 battery=full/100 mem=57 cam=29.3 proc=9.8 busy=0.0 pre=7.4 pred=31.1 post=0.4 draw=0.1 e2e=64 obj=0.2
t=281 model=yolov8m_352x640 thermal=Serious level=2 lowpower=0 battery=full/100 mem=57 cam=29.4 proc=9.8 busy=0.0 pre=5.3 pred=48.9 post=0.4 draw=0.2 e2e=79 obj=0.4
t=282 model=yolov8m_352x640 thermal=Serious level=2 lowpower=0 battery=full/100 mem=57 cam=28.0 proc=10.0 busy=0.0 pre=2.4 pred=61.9 post=0.3 draw=0.0 e2e=89 obj=0.0
t=283 model=yolov8m_352x640 thermal=Serious level=2 lowpower=0 battery=full/100 mem=57 cam=31.8 proc=9.9 busy=0.0 pre=2.5 pred=60.7 post=0.4 draw=0.0 e2e=88 obj=0.0
t=284 model=yolov8m_352x640 thermal=Serious level=2 lowpower=0 battery=full/100 mem=57 cam=30.3 proc=9.5 busy=0.0 pre=6.7 pred=30.6 post=0.4 draw=0.1 e2e=61 obj=0.4
t=285 model=yolov8m_352x640 thermal=Serious level=2 lowpower=0 battery=full/100 mem=57 cam=30.0 proc=11.2 busy=0.0 pre=7.4 pred=31.8 post=0.4 draw=0.2 e2e=65 obj=0.5
t=286 model=yolov8m_352x640 thermal=Serious level=2 lowpower=0 battery=full/100 mem=57 cam=31.1 proc=9.7 busy=0.0 pre=8.7 pred=30.7 post=0.4 draw=0.0 e2e=64 obj=0.2
t=287 model=yolov8m_352x640 thermal=Serious level=2 lowpower=0 battery=full/100 mem=57 cam=29.3 proc=9.8 busy=0.0 pre=2.6 pred=62.7 post=0.4 draw=0.2 e2e=90 obj=0.4
t=289 model=yolov8m_352x640 thermal=Serious level=2 lowpower=0 battery=full/100 mem=57 cam=31.6 proc=9.9 busy=0.0 pre=2.1 pred=61.3 post=0.3 draw=0.1 e2e=89 obj=0.6
t=290 model=yolov8m_352x640 thermal=Serious level=2 lowpower=0 battery=full/100 mem=57 cam=29.9 proc=9.4 busy=0.0 pre=2.1 pred=62.3 post=0.4 draw=0.1 e2e=90 obj=0.4
t=291 model=yolov8m_352x640 thermal=Serious level=2 lowpower=0 battery=full/100 mem=57 cam=30.0 proc=9.9 busy=0.0 pre=3.0 pred=59.7 post=0.3 draw=0.0 e2e=88 obj=0.0
t=292 model=yolov8m_352x640 thermal=Serious level=2 lowpower=0 battery=full/100 mem=57 cam=28.5 proc=11.4 busy=0.0 pre=3.1 pred=60.7 post=0.3 draw=0.1 e2e=89 obj=0.2
t=293 model=yolov8m_352x640 thermal=Serious level=2 lowpower=0 battery=full/100 mem=57 cam=29.5 proc=9.9 busy=0.0 pre=2.4 pred=62.5 post=0.3 draw=0.1 e2e=90 obj=0.2
t=294 model=yolov8m_352x640 thermal=Serious level=2 lowpower=0 battery=full/100 mem=57 cam=28.3 proc=11.3 busy=0.0 pre=2.4 pred=57.0 post=0.4 draw=0.1 e2e=85 obj=0.2
t=295 model=yolov8m_352x640 thermal=Serious level=2 lowpower=0 battery=full/100 mem=57 cam=30.0 proc=9.4 busy=0.0 pre=9.4 pred=31.1 post=0.4 draw=0.1 e2e=66 obj=0.2
t=296 model=yolov8m_352x640 thermal=Serious level=2 lowpower=0 battery=full/100 mem=57 cam=28.7 proc=11.5 busy=0.0 pre=7.9 pred=31.4 post=0.4 draw=0.1 e2e=65 obj=0.3
t=297 model=yolov8m_352x640 thermal=Serious level=2 lowpower=0 battery=full/100 mem=57 cam=29.9 proc=10.0 busy=0.0 pre=8.7 pred=34.3 post=0.4 draw=0.2 e2e=68 obj=0.6
t=298 model=yolov8m_352x640 thermal=Serious level=2 lowpower=0 battery=full/100 mem=57 cam=31.5 proc=9.8 busy=0.0 pre=10.1 pred=30.9 post=0.4 draw=0.1 e2e=67 obj=0.4
t=299 model=yolov8m_352x640 thermal=Serious level=2 lowpower=0 battery=full/100 mem=57 cam=29.7 proc=9.9 busy=0.0 pre=8.5 pred=31.0 post=0.4 draw=0.2 e2e=65 obj=0.4
t=300 model=yolov8m_352x640 thermal=Serious level=2 lowpower=0 battery=full/100 mem=57 cam=30.6 proc=11.5 busy=0.0 pre=8.6 pred=31.7 post=0.4 draw=0.2 e2e=66 obj=0.5
t=301 model=yolov8m_352x640 thermal=Serious level=2 lowpower=0 battery=full/100 mem=57 cam=31.6 proc=9.8 busy=0.0 pre=10.9 pred=29.1 post=0.4 draw=0.2 e2e=66 obj=0.4
t=302 model=yolov8m_352x640 thermal=Serious level=2 lowpower=0 battery=full/100 mem=57 cam=30.0 proc=9.5 busy=0.0 pre=8.5 pred=29.7 post=0.4 draw=0.0 e2e=64 obj=0.0
t=303 model=yolov8m_352x640 thermal=Serious level=2 lowpower=0 battery=full/100 mem=57 cam=31.2 proc=11.2 busy=0.0 pre=8.3 pred=31.0 post=0.4 draw=0.1 e2e=65 obj=0.2
t=304 model=yolov8m_352x640 thermal=Serious level=2 lowpower=0 battery=full/100 mem=57 cam=30.4 proc=9.9 busy=0.0 pre=8.4 pred=30.7 post=0.4 draw=0.0 e2e=64 obj=0.0
t=305 model=yolov8m_352x640 thermal=Serious level=2 lowpower=0 battery=full/100 mem=57 cam=29.8 proc=9.9 busy=0.0 pre=10.0 pred=30.5 post=0.4 draw=0.1 e2e=66 obj=0.6
t=306 model=yolov8m_352x640 thermal=Serious level=2 lowpower=0 battery=full/100 mem=57 cam=28.4 proc=11.4 busy=0.0 pre=7.7 pred=31.5 post=0.4 draw=0.1 e2e=65 obj=0.3
t=307 model=yolov8m_352x640 thermal=Serious level=2 lowpower=0 battery=full/100 mem=57 cam=31.3 proc=9.8 busy=0.0 pre=7.5 pred=36.3 post=0.4 draw=0.1 e2e=68 obj=0.2
t=308 model=yolov8m_352x640 thermal=Serious level=2 lowpower=0 battery=full/100 mem=57 cam=29.5 proc=9.9 busy=0.0 pre=7.8 pred=35.9 post=0.4 draw=0.2 e2e=68 obj=0.4
t=309 model=yolov8m_352x640 thermal=Serious level=2 lowpower=0 battery=full/100 mem=57 cam=30.4 proc=9.5 busy=0.0 pre=8.4 pred=29.5 post=0.4 draw=0.2 e2e=63 obj=0.4
t=310 model=yolov8m_352x640 thermal=Serious level=2 lowpower=0 battery=full/100 mem=57 cam=29.9 proc=11.2 busy=0.0 pre=8.5 pred=31.0 post=0.4 draw=0.2 e2e=65 obj=0.5
t=311 model=yolov8m_352x640 thermal=Serious level=2 lowpower=0 battery=full/100 mem=57 cam=30.8 proc=9.6 busy=0.0 pre=7.5 pred=35.2 post=0.4 draw=0.0 e2e=67 obj=0.0
t=312 model=yolov8m_352x640 thermal=Serious level=2 lowpower=0 battery=full/100 mem=57 cam=30.5 proc=9.6 busy=0.0 pre=9.4 pred=30.5 post=0.4 draw=0.0 e2e=65 obj=0.0
t=313 model=yolov8m_352x640 thermal=Serious level=2 lowpower=0 battery=full/100 mem=57 cam=30.0 proc=11.3 busy=0.0 pre=8.9 pred=31.2 post=0.4 draw=0.1 e2e=66 obj=0.5
t=314 model=yolov8m_352x640 thermal=Serious level=2 lowpower=0 battery=full/100 mem=57 cam=30.2 proc=9.5 busy=0.0 pre=7.5 pred=37.2 post=0.4 draw=0.1 e2e=69 obj=0.2
t=315 model=yolov8m_352x640 thermal=Serious level=2 lowpower=0 battery=full/100 mem=57 cam=29.8 proc=11.9 busy=0.0 pre=2.7 pred=61.1 post=0.4 draw=0.1 e2e=89 obj=0.2
t=316 model=yolov8m_352x640 thermal=Serious level=2 lowpower=0 battery=full/100 mem=57 cam=29.8 proc=9.9 busy=0.0 pre=8.9 pred=30.9 post=0.4 draw=0.2 e2e=64 obj=0.4
t=317 model=yolov8m_352x640 thermal=Serious level=2 lowpower=0 battery=full/100 mem=57 cam=30.9 proc=9.7 busy=0.0 pre=7.7 pred=30.6 post=0.4 draw=0.0 e2e=64 obj=0.2
t=318 model=yolov8m_352x640 thermal=Serious level=2 lowpower=0 battery=full/100 mem=57 cam=30.6 proc=7.6 busy=0.0 pre=7.8 pred=37.1 post=0.4 draw=0.2 e2e=70 obj=0.5
t=319 model=yolov8m_352x640 thermal=Serious level=2 lowpower=0 battery=full/100 mem=57 cam=31.3 proc=9.8 busy=0.0 pre=2.5 pred=58.9 post=0.4 draw=0.2 e2e=86 obj=0.4
t=320 model=yolov8m_352x640 thermal=Serious level=2 lowpower=0 battery=full/100 mem=57 cam=30.3 proc=9.5 busy=0.0 pre=2.3 pred=60.5 post=0.4 draw=0.2 e2e=87 obj=0.4
t=321 model=yolov8m_352x640 thermal=Serious level=2 lowpower=0 battery=full/100 mem=57 cam=31.6 proc=9.8 busy=0.0 pre=2.5 pred=61.1 post=0.4 draw=0.0 e2e=87 obj=0.0
t=322 model=yolov8m_352x640 thermal=Serious level=2 lowpower=0 battery=full/100 mem=57 cam=29.9 proc=9.5 busy=0.0 pre=2.6 pred=59.5 post=0.3 draw=0.0 e2e=87 obj=0.0
t=323 model=yolov8m_352x640 thermal=Serious level=2 lowpower=0 battery=full/100 mem=57 cam=28.6 proc=11.8 busy=0.0 pre=2.7 pred=58.3 post=0.4 draw=0.2 e2e=87 obj=0.8
t=324 model=yolov8m_352x640 thermal=Serious level=2 lowpower=0 battery=full/100 mem=57 cam=31.2 proc=9.7 busy=0.0 pre=7.4 pred=30.9 post=0.4 draw=0.3 e2e=64 obj=0.6
t=325 model=yolov8m_352x640 thermal=Serious level=2 lowpower=0 battery=full/100 mem=57 cam=30.0 proc=11.2 busy=0.0 pre=7.2 pred=31.1 post=0.4 draw=0.2 e2e=64 obj=0.5
t=326 model=yolov8m_352x640 thermal=Serious level=2 lowpower=0 battery=full/100 mem=57 cam=30.7 proc=9.8 busy=0.0 pre=6.1 pred=30.4 post=0.4 draw=0.2 e2e=61 obj=0.6
t=327 model=yolov8m_352x640 thermal=Serious level=2 lowpower=0 battery=full/100 mem=57 cam=30.2 proc=9.4 busy=0.0 pre=7.2 pred=30.7 post=0.4 draw=0.2 e2e=64 obj=0.8
t=328 model=yolov8m_352x640 thermal=Serious level=2 lowpower=0 battery=full/100 mem=57 cam=30.0 proc=9.4 busy=0.0 pre=6.1 pred=31.4 post=0.4 draw=0.2 e2e=63 obj=0.4
t=329 model=yolov8m_352x640 thermal=Serious level=2 lowpower=0 battery=full/100 mem=57 cam=29.8 proc=10.0 busy=0.0 pre=7.8 pred=31.0 post=0.4 draw=0.2 e2e=64 obj=0.4
t=330 model=yolov8m_352x640 thermal=Serious level=2 lowpower=0 battery=full/100 mem=57 cam=31.1 proc=9.7 busy=0.0 pre=6.5 pred=32.3 post=0.4 draw=0.2 e2e=64 obj=0.4
t=332 model=yolov8m_352x640 thermal=Serious level=2 lowpower=0 battery=full/100 mem=57 cam=28.1 proc=11.2 busy=0.0 pre=2.1 pred=62.9 post=0.3 draw=0.2 e2e=90 obj=0.7
t=333 model=yolov8m_352x640 thermal=Serious level=2 lowpower=0 battery=full/100 mem=57 cam=29.8 proc=9.9 busy=0.0 pre=6.6 pred=30.6 post=0.4 draw=0.1 e2e=62 obj=0.2
t=334 model=yolov8m_352x640 thermal=Serious level=2 lowpower=0 battery=full/100 mem=57 cam=29.9 proc=10.0 busy=0.0 pre=8.2 pred=31.3 post=0.4 draw=0.1 e2e=65 obj=0.2
t=335 model=yolov8m_352x640 thermal=Serious level=2 lowpower=0 battery=full/100 mem=57 cam=30.0 proc=11.2 busy=0.0 pre=9.1 pred=31.7 post=0.4 draw=0.1 e2e=67 obj=0.2
t=336 model=yolov8m_352x640 thermal=Serious level=2 lowpower=0 battery=full/100 mem=57 cam=31.1 proc=9.7 busy=0.0 pre=7.5 pred=31.0 post=0.4 draw=0.1 e2e=64 obj=0.2
t=337 model=yolov8m_352x640 thermal=Serious level=2 lowpower=0 battery=full/100 mem=57 cam=29.8 proc=9.9 busy=0.0 pre=7.0 pred=31.2 post=0.4 draw=0.1 e2e=64 obj=0.4
t=338 model=yolov8m_352x640 thermal=Serious level=2 lowpower=0 battery=full/100 mem=57 cam=29.8 proc=9.9 busy=0.0 pre=6.7 pred=31.2 post=0.4 draw=0.2 e2e=64 obj=0.6
t=339 model=yolov8m_352x640 thermal=Serious level=2 lowpower=0 battery=full/100 mem=57 cam=30.0 proc=11.2 busy=0.0 pre=6.0 pred=35.5 post=0.4 draw=0.2 e2e=67 obj=0.5
t=340 model=yolov8m_352x640 thermal=Serious level=2 lowpower=0 battery=full/100 mem=57 cam=30.6 proc=9.6 busy=0.0 pre=7.2 pred=30.6 post=0.4 draw=0.2 e2e=63 obj=0.6
t=341 model=yolov8m_352x640 thermal=Serious level=2 lowpower=0 battery=full/100 mem=57 cam=29.5 proc=9.8 busy=0.0 pre=6.3 pred=31.0 post=0.4 draw=0.3 e2e=63 obj=0.6
t=342 model=yolov8m_352x640 thermal=Serious level=2 lowpower=0 battery=full/100 mem=57 cam=30.0 proc=9.4 busy=0.0 pre=2.6 pred=58.3 post=0.3 draw=0.2 e2e=86 obj=0.4
t=343 model=yolov8m_352x640 thermal=Serious level=2 lowpower=0 battery=full/100 mem=57 cam=30.0 proc=11.4 busy=0.0 pre=2.3 pred=61.6 post=0.3 draw=0.2 e2e=89 obj=0.5
t=344 model=yolov8m_352x640 thermal=Serious level=2 lowpower=0 battery=full/100 mem=57 cam=30.0 proc=9.8 busy=0.0 pre=2.7 pred=54.3 post=0.4 draw=0.0 e2e=82 obj=0.0
t=345 model=yolov8m_352x640 thermal=Serious level=2 lowpower=0 battery=full/100 mem=57 cam=30.6 proc=9.9 busy=0.0 pre=7.7 pred=30.8 post=0.4 draw=0.2 e2e=64 obj=0.4
t=346 model=yolov8m_352x640 thermal=Serious level=2 lowpower=0 battery=full/100 mem=57 cam=30.0 proc=10.0 busy=0.0 pre=9.2 pred=31.2 post=0.4 draw=0.0 e2e=66 obj=0.0
t=347 model=yolov8m_352x640 thermal=Serious level=2 lowpower=0 battery=full/100 mem=57 cam=30.0 proc=9.4 busy=0.0 pre=9.4 pred=32.1 post=0.4 draw=0.0 e2e=66 obj=0.0
t=348 model=yolov8m_352x640 thermal=Serious level=2 lowpower=0 battery=full/100 mem=57 cam=29.7 proc=9.9 busy=0.0 pre=9.1 pred=30.7 post=0.4 draw=0.1 e2e=65 obj=0.6
t=349 model=yolov8m_352x640 thermal=Serious level=2 lowpower=0 battery=full/100 mem=57 cam=30.0 proc=9.4 busy=0.0 pre=9.1 pred=30.7 post=0.4 draw=0.1 e2e=65 obj=0.2
t=350 model=yolov8m_352x640 thermal=Serious level=2 lowpower=0 battery=full/100 mem=57 cam=29.9 proc=10.0 busy=0.0 pre=8.5 pred=30.7 post=0.4 draw=0.0 e2e=63 obj=0.2
t=351 model=yolov8m_352x640 thermal=Serious level=2 lowpower=0 battery=full/100 mem=57 cam=28.9 proc=11.6 busy=0.0 pre=2.6 pred=59.2 post=0.3 draw=0.1 e2e=86 obj=0.3
t=352 model=yolov8m_352x640 thermal=Serious level=2 lowpower=0 battery=full/100 mem=57 cam=30.3 proc=9.5 busy=0.0 pre=8.5 pred=30.3 post=0.4 draw=0.2 e2e=64 obj=0.4
t=353 model=yolov8m_352x640 thermal=Serious level=2 lowpower=0 battery=full/100 mem=57 cam=29.6 proc=9.4 busy=0.0 pre=9.0 pred=30.6 post=0.4 draw=0.2 e2e=66 obj=0.6
t=354 model=yolov8m_352x640 thermal=Serious level=2 lowpower=0 battery=full/100 mem=57 cam=30.7 proc=9.6 busy=0.0 pre=7.8 pred=30.5 post=0.4 draw=0.2 e2e=64 obj=0.4
t=355 model=yolov8m_352x640 thermal=Serious level=2 lowpower=0 battery=full/100 mem=57 cam=29.1 proc=9.7 busy=0.0 pre=9.2 pred=29.7 post=0.4 draw=0.1 e2e=65 obj=0.2
t=356 model=yolov8m_352x640 thermal=Serious level=2 lowpower=0 battery=full/100 mem=57 cam=30.9 proc=9.6 busy=0.0 pre=8.7 pred=31.3 post=0.4 draw=0.1 e2e=65 obj=0.4
t=357 model=yolov8m_352x640 thermal=Serious level=2 lowpower=0 battery=full/100 mem=57 cam=30.0 proc=10.0 busy=0.0 pre=9.1 pred=30.8 post=0.4 draw=0.1 e2e=66 obj=0.4
t=358 model=yolov8m_352x640 thermal=Serious level=2 lowpower=0 battery=full/100 mem=57 cam=30.1 proc=9.4 busy=0.0 pre=9.0 pred=33.6 post=0.4 draw=0.0 e2e=67 obj=0.0
t=359 model=yolov8m_352x640 thermal=Serious level=2 lowpower=0 battery=full/100 mem=57 cam=30.3 proc=11.4 busy=0.0 pre=8.5 pred=30.9 post=0.4 draw=0.0 e2e=65 obj=0.0
t=360 model=yolov8m_352x640 thermal=Serious level=2 lowpower=0 battery=full/100 mem=57 cam=29.9 proc=12.0 busy=0.0 pre=8.9 pred=30.7 post=0.4 draw=0.1 e2e=65 obj=0.3
t=361 model=yolov8m_352x640 thermal=Serious level=2 lowpower=0 battery=full/100 mem=57 cam=30.2 proc=9.5 busy=0.0 pre=6.5 pred=35.5 post=0.4 draw=0.0 e2e=66 obj=0.0
t=362 model=yolov8m_352x640 thermal=Serious level=2 lowpower=0 battery=full/100 mem=57 cam=30.5 proc=9.5 busy=0.0 pre=2.3 pred=59.9 post=0.4 draw=0.1 e2e=87 obj=0.4
t=363 model=yolov8m_352x640 thermal=Serious level=2 lowpower=0 battery=full/100 mem=57 cam=30.0 proc=11.2 busy=0.0 pre=3.1 pred=55.0 post=0.5 draw=0.3 e2e=84 obj=0.7
t=364 model=yolov8m_352x640 thermal=Serious level=2 lowpower=0 battery=full/100 mem=57 cam=30.0 proc=9.4 busy=0.0 pre=3.6 pred=56.3 post=0.3 draw=0.1 e2e=84 obj=0.4
t=365 model=yolov8m_352x640 thermal=Serious level=2 lowpower=0 battery=full/100 mem=57 cam=28.1 proc=11.2 busy=0.0 pre=2.5 pred=60.3 post=0.4 draw=0.0 e2e=88 obj=0.0
t=366 model=yolov8m_352x640 thermal=Serious level=2 lowpower=0 battery=full/100 mem=57 cam=29.7 proc=9.9 busy=0.0 pre=2.2 pred=59.7 post=0.3 draw=0.3 e2e=86 obj=1.0
t=368 model=yolov8m_352x640 thermal=Serious level=2 lowpower=0 battery=full/100 mem=57 cam=30.0 proc=9.4 busy=0.0 pre=2.3 pred=61.6 post=0.4 draw=0.2 e2e=89 obj=0.4
t=369 model=yolov8m_352x640 thermal=Serious level=2 lowpower=0 battery=full/100 mem=57 cam=30.0 proc=11.3 busy=0.0 pre=5.7 pred=35.2 post=0.4 draw=0.2 e2e=65 obj=0.5
t=370 model=yolov8m_352x640 thermal=Serious level=2 lowpower=0 battery=full/100 mem=57 cam=30.2 proc=9.4 busy=0.0 pre=8.6 pred=30.8 post=0.4 draw=0.1 e2e=65 obj=0.2
t=371 model=yolov8m_352x640 thermal=Serious level=2 lowpower=0 battery=full/100 mem=57 cam=28.6 proc=11.4 busy=0.0 pre=8.0 pred=30.6 post=0.4 draw=0.0 e2e=65 obj=0.2
t=372 model=yolov8m_352x640 thermal=Serious level=2 lowpower=0 battery=full/100 mem=57 cam=29.8 proc=9.2 busy=0.0 pre=6.7 pred=37.6 post=0.3 draw=0.1 e2e=68 obj=0.2
t=373 model=yolov8m_352x640 thermal=Serious level=2 lowpower=0 battery=full/100 mem=57 cam=28.6 proc=11.2 busy=0.0 pre=2.2 pred=62.4 post=0.3 draw=0.1 e2e=90 obj=0.3
t=374 model=yolov8m_352x640 thermal=Serious level=2 lowpower=0 battery=full/100 mem=57 cam=29.8 proc=9.4 busy=0.0 pre=2.7 pred=61.4 post=0.4 draw=0.0 e2e=89 obj=0.0
t=375 model=yolov8m_352x640 thermal=Serious level=2 lowpower=0 battery=full/100 mem=57 cam=31.2 proc=9.9 busy=0.0 pre=3.6 pred=57.2 post=0.4 draw=0.2 e2e=86 obj=0.6
t=376 model=yolov8m_352x640 thermal=Serious level=2 lowpower=0 battery=full/100 mem=57 cam=30.6 proc=9.8 busy=0.0 pre=2.2 pred=63.4 post=0.3 draw=0.2 e2e=91 obj=0.4
t=377 model=yolov8m_352x640 thermal=Serious level=2 lowpower=0 battery=full/100 mem=57 cam=28.4 proc=10.0 busy=0.0 pre=7.9 pred=30.9 post=0.4 draw=0.2 e2e=65 obj=0.6
t=378 model=yolov8m_352x640 thermal=Serious level=2 lowpower=0 battery=full/100 mem=57 cam=31.7 proc=9.6 busy=0.0 pre=8.9 pred=31.2 post=0.4 draw=0.2 e2e=66 obj=0.4
t=379 model=yolov8m_352x640 thermal=Serious level=2 lowpower=0 battery=full/100 mem=57 cam=30.9 proc=11.2 busy=0.0 pre=7.4 pred=30.5 post=0.4 draw=0.1 e2e=64 obj=0.3
t=380 model=yolov8m_352x640 thermal=Serious level=2 lowpower=0 battery=full/100 mem=57 cam=29.9 proc=9.4 busy=0.0 pre=7.4 pred=30.5 post=0.4 draw=0.0 e2e=63 obj=0.0
t=381 model=yolov8m_352x640 thermal=Serious level=2 lowpower=0 battery=full/100 mem=57 cam=30.0 proc=9.4 busy=0.0 pre=6.9 pred=31.0 post=0.4 draw=0.1 e2e=63 obj=0.2
t=382 model=yolov8m_352x640 thermal=Serious level=2 lowpower=0 battery=full/100 mem=57 cam=30.3 proc=9.4 busy=0.0 pre=7.0 pred=30.6 post=0.4 draw=0.1 e2e=63 obj=0.2
t=383 model=yolov8m_352x640 thermal=Serious level=2 lowpower=0 battery=full/100 mem=57 cam=28.6 proc=9.4 busy=0.0 pre=6.3 pred=31.1 post=0.4 draw=0.2 e2e=63 obj=0.4
t=384 model=yolov8m_352x640 thermal=Serious level=2 lowpower=0 battery=full/100 mem=57 cam=30.3 proc=9.9 busy=0.0 pre=7.9 pred=32.0 post=0.4 draw=0.2 e2e=65 obj=0.4
t=385 model=yolov8m_352x640 thermal=Serious level=2 lowpower=0 battery=full/100 mem=57 cam=30.0 proc=9.9 busy=0.0 pre=6.9 pred=30.7 post=0.4 draw=0.1 e2e=63 obj=0.2
t=386 model=yolov8m_352x640 thermal=Serious level=2 lowpower=0 battery=full/100 mem=57 cam=28.6 proc=9.6 busy=0.0 pre=6.9 pred=31.2 post=0.4 draw=0.0 e2e=64 obj=0.0
t=387 model=yolov8m_352x640 thermal=Serious level=2 lowpower=0 battery=full/100 mem=57 cam=29.5 proc=9.8 busy=0.0 pre=9.0 pred=29.9 post=0.4 draw=0.3 e2e=65 obj=1.0
t=388 model=yolov8m_352x640 thermal=Serious level=2 lowpower=0 battery=full/100 mem=57 cam=30.0 proc=11.2 busy=0.0 pre=6.4 pred=31.7 post=0.4 draw=0.2 e2e=64 obj=0.3
t=389 model=yolov8m_352x640 thermal=Serious level=2 lowpower=0 battery=full/100 mem=57 cam=30.4 proc=9.9 busy=0.0 pre=7.3 pred=37.5 post=0.5 draw=0.1 e2e=70 obj=0.2
t=390 model=yolov8m_352x640 thermal=Serious level=2 lowpower=0 battery=full/100 mem=57 cam=30.0 proc=10.0 busy=0.0 pre=9.1 pred=31.3 post=0.4 draw=0.1 e2e=65 obj=0.2
t=391 model=yolov8m_352x640 thermal=Serious level=2 lowpower=0 battery=full/100 mem=57 cam=30.0 proc=9.4 busy=0.0 pre=8.9 pred=30.9 post=0.4 draw=0.0 e2e=65 obj=0.0
t=392 model=yolov8m_352x640 thermal=Serious level=2 lowpower=0 battery=full/100 mem=57 cam=29.9 proc=9.7 busy=0.0 pre=9.4 pred=32.1 post=0.4 draw=0.1 e2e=67 obj=0.2
t=393 model=yolov8m_352x640 thermal=Serious level=2 lowpower=0 battery=full/100 mem=57 cam=30.0 proc=9.9 busy=0.0 pre=7.4 pred=31.2 post=0.4 draw=0.1 e2e=64 obj=0.2
t=394 model=yolov8m_352x640 thermal=Serious level=2 lowpower=0 battery=full/100 mem=57 cam=31.3 proc=11.7 busy=0.0 pre=9.1 pred=31.0 post=0.4 draw=0.1 e2e=65 obj=0.3
t=395 model=yolov8m_352x640 thermal=Serious level=2 lowpower=0 battery=full/100 mem=57 cam=29.2 proc=9.5 busy=0.0 pre=8.0 pred=31.1 post=0.4 draw=0.2 e2e=64 obj=0.4
t=396 model=yolov8m_352x640 thermal=Serious level=2 lowpower=0 battery=full/100 mem=57 cam=30.0 proc=10.0 busy=0.0 pre=9.0 pred=31.0 post=0.4 draw=0.1 e2e=65 obj=0.2
t=397 model=yolov8m_352x640 thermal=Serious level=2 lowpower=0 battery=full/100 mem=57 cam=31.2 proc=11.2 busy=0.0 pre=9.6 pred=30.4 post=0.4 draw=0.1 e2e=65 obj=0.2
t=398 model=yolov8m_352x640 thermal=Serious level=2 lowpower=0 battery=full/100 mem=57 cam=29.9 proc=9.4 busy=0.0 pre=9.1 pred=30.9 post=0.4 draw=0.0 e2e=65 obj=0.2
t=399 model=yolov8m_352x640 thermal=Serious level=2 lowpower=0 battery=full/100 mem=57 cam=30.0 proc=11.3 busy=0.0 pre=9.3 pred=30.5 post=0.4 draw=0.1 e2e=65 obj=0.3
t=400 model=yolov8m_352x640 thermal=Serious level=2 lowpower=0 battery=full/100 mem=57 cam=30.2 proc=9.9 busy=0.0 pre=9.2 pred=31.7 post=0.4 draw=0.0 e2e=67 obj=0.0
t=401 model=yolov8m_352x640 thermal=Serious level=2 lowpower=0 battery=full/100 mem=57 cam=28.5 proc=10.0 busy=0.0 pre=6.9 pred=30.9 post=0.4 draw=0.2 e2e=63 obj=0.4
t=402 model=yolov8m_352x640 thermal=Serious level=2 lowpower=0 battery=full/100 mem=57 cam=31.4 proc=11.2 busy=0.0 pre=9.4 pred=30.6 post=0.4 draw=0.1 e2e=65 obj=0.2
t=403 model=yolov8m_352x640 thermal=Serious level=2 lowpower=0 battery=full/100 mem=57 cam=31.2 proc=9.5 busy=0.0 pre=8.8 pred=30.9 post=0.4 draw=0.2 e2e=65 obj=0.6
t=404 model=yolov8m_352x640 thermal=Serious level=2 lowpower=0 battery=full/100 mem=57 cam=29.9 proc=9.9 busy=0.0 pre=7.8 pred=31.0 post=0.4 draw=0.1 e2e=64 obj=0.4
t=405 model=yolov8m_352x640 thermal=Serious level=2 lowpower=0 battery=full/100 mem=57 cam=30.2 proc=10.0 busy=0.0 pre=8.6 pred=30.9 post=0.4 draw=0.2 e2e=65 obj=0.6
t=406 model=yolov8m_352x640 thermal=Serious level=2 lowpower=0 battery=full/100 mem=57 cam=30.6 proc=9.4 busy=0.0 pre=8.0 pred=31.1 post=0.4 draw=0.2 e2e=64 obj=0.6
t=407 model=yolov8m_352x640 thermal=Serious level=2 lowpower=0 battery=full/100 mem=57 cam=29.9 proc=9.9 busy=0.0 pre=2.2 pred=60.7 post=0.4 draw=0.1 e2e=88 obj=0.2
t=409 model=yolov8m_352x640 thermal=Serious level=2 lowpower=0 battery=full/100 mem=57 cam=30.5 proc=9.5 busy=0.0 pre=6.6 pred=32.1 post=0.4 draw=0.1 e2e=64 obj=0.2
t=410 model=yolov8m_352x640 thermal=Serious level=2 lowpower=0 battery=full/100 mem=57 cam=31.9 proc=10.0 busy=0.0 pre=2.3 pred=61.4 post=0.4 draw=0.1 e2e=89 obj=0.2
t=411 model=yolov8m_352x640 thermal=Serious level=2 lowpower=0 battery=full/100 mem=57 cam=30.0 proc=9.4 busy=0.0 pre=2.3 pred=60.8 post=0.4 draw=0.1 e2e=88 obj=0.4
t=412 model=yolov8m_352x640 thermal=Serious level=2 lowpower=0 battery=full/100 mem=57 cam=29.9 proc=10.0 busy=0.0 pre=6.7 pred=35.9 post=0.4 draw=0.0 e2e=67 obj=0.2
t=413 model=yolov8m_352x640 thermal=Serious level=2 lowpower=0 battery=full/100 mem=57 cam=30.5 proc=9.4 busy=0.0 pre=3.6 pred=57.7 post=0.3 draw=0.1 e2e=84 obj=0.4
t=414 model=yolov8m_352x640 thermal=Serious level=2 lowpower=0 battery=full/100 mem=57 cam=28.6 proc=9.5 busy=0.0 pre=2.4 pred=61.2 post=0.4 draw=0.2 e2e=89 obj=0.6
t=415 model=yolov8m_352x640 thermal=Fair level=2 lowpower=0 battery=full/100 mem=59 cam=31.6 proc=9.9 busy=0.0 pre=5.3 pred=44.0 post=0.5 draw=0.1 e2e=73 obj=0.2
t=416 model=yolov8m_352x640 thermal=Fair level=2 lowpower=0 battery=full/100 mem=59 cam=30.0 proc=9.4 busy=0.0 pre=3.1 pred=60.9 post=0.3 draw=0.2 e2e=89 obj=0.2
t=417 model=yolov8m_352x640 thermal=Fair level=2 lowpower=0 battery=full/100 mem=59 cam=30.8 proc=9.6 busy=0.0 pre=2.2 pred=61.6 post=0.3 draw=0.1 e2e=89 obj=0.4
t=418 model=yolov8m_352x640 thermal=Fair level=2 lowpower=0 battery=full/100 mem=59 cam=31.3 proc=9.8 busy=0.0 pre=6.8 pred=30.7 post=0.4 draw=0.1 e2e=62 obj=0.2
t=419 model=yolov8m_352x640 thermal=Fair level=2 lowpower=0 battery=full/100 mem=59 cam=28.6 proc=9.5 busy=0.0 pre=7.3 pred=31.0 post=0.4 draw=0.1 e2e=65 obj=0.4
t=420 model=yolov8m_352x640 thermal=Fair level=2 lowpower=0 battery=full/100 mem=59 cam=31.3 proc=11.2 busy=0.0 pre=9.2 pred=30.6 post=0.4 draw=0.1 e2e=66 obj=0.2
t=421 model=yolov8m_352x640 thermal=Fair level=2 lowpower=0 battery=full/100 mem=59 cam=29.8 proc=9.5 busy=0.0 pre=7.6 pred=30.5 post=0.4 draw=0.3 e2e=65 obj=0.6
t=422 model=yolov8m_352x640 thermal=Fair level=2 lowpower=0 battery=full/100 mem=59 cam=30.0 proc=9.9 busy=0.0 pre=7.3 pred=31.0 post=0.4 draw=0.2 e2e=64 obj=0.4
t=423 model=yolov8m_352x640 thermal=Fair level=2 lowpower=0 battery=full/100 mem=59 cam=30.4 proc=9.4 busy=0.0 pre=6.8 pred=30.9 post=0.4 draw=0.2 e2e=62 obj=0.6
t=424 model=yolov8m_352x640 thermal=Fair level=2 lowpower=0 battery=full/100 mem=59 cam=29.5 proc=9.4 busy=0.0 pre=6.3 pred=42.3 post=0.3 draw=0.1 e2e=75 obj=0.4
t=425 model=yolov8m_352x640 thermal=Fair level=2 lowpower=0 battery=full/100 mem=59 cam=29.9 proc=11.2 busy=0.0 pre=2.2 pred=63.0 post=0.3 draw=0.1 e2e=90 obj=0.2
t=426 model=yolov8m_352x640 thermal=Fair level=2 lowpower=0 battery=full/100 mem=59 cam=30.1 proc=9.4 busy=0.0 pre=2.3 pred=62.8 post=0.3 draw=0.1 e2e=90 obj=0.2
t=427 model=yolov8m_352x640 thermal=Fair level=2 lowpower=0 battery=full/100 mem=59 cam=31.1 proc=11.7 busy=0.0 pre=6.8 pred=35.1 post=0.4 draw=0.2 e2e=67 obj=0.7
t=428 model=yolov8m_352x640 thermal=Fair level=2 lowpower=0 battery=full/100 mem=59 cam=30.1 proc=9.4 busy=0.0 pre=2.2 pred=61.4 post=0.4 draw=0.1 e2e=89 obj=0.2
t=429 model=yolov8m_352x640 thermal=Fair level=2 lowpower=0 battery=full/100 mem=59 cam=31.7 proc=9.9 busy=0.0 pre=2.2 pred=60.1 post=0.3 draw=0.1 e2e=86 obj=0.4
t=430 model=yolov8m_352x640 thermal=Fair level=2 lowpower=0 battery=full/100 mem=59 cam=29.4 proc=11.8 busy=0.0 pre=6.1 pred=40.8 post=0.4 draw=0.2 e2e=73 obj=0.7
t=431 model=yolov8m_352x640 thermal=Fair level=2 lowpower=0 battery=full/100 mem=59 cam=30.7 proc=9.6 busy=0.0 pre=7.1 pred=31.0 post=0.4 draw=0.1 e2e=63 obj=0.4
t=432 model=yolov8m_352x640 thermal=Fair level=2 lowpower=0 battery=full/100 mem=59 cam=30.3 proc=9.5 busy=0.0 pre=7.3 pred=36.9 post=0.4 draw=0.1 e2e=69 obj=0.4
t=433 model=yolov8m_352x640 thermal=Fair level=2 lowpower=0 battery=full/100 mem=59 cam=31.5 proc=9.8 busy=0.0 pre=7.8 pred=31.9 post=0.5 draw=0.3 e2e=65 obj=0.6
t=434 model=yolov8m_352x640 thermal=Fair level=2 lowpower=0 battery=full/100 mem=59 cam=30.7 proc=9.6 busy=0.0 pre=7.3 pred=32.2 post=0.6 draw=0.3 e2e=65 obj=0.4
t=435 model=yolov8m_352x640 thermal=Fair level=2 lowpower=0 battery=full/100 mem=59 cam=29.9 proc=10.0 busy=0.0 pre=7.3 pred=31.5 post=0.4 draw=0.0 e2e=64 obj=0.0
t=436 model=yolov8m_352x640 thermal=Fair level=2 lowpower=0 battery=full/100 mem=59 cam=28.7 proc=9.6 busy=0.0 pre=9.1 pred=31.1 post=0.4 draw=0.2 e2e=66 obj=0.4
t=437 model=yolov8m_352x640 thermal=Fair level=2 lowpower=0 battery=full/100 mem=59 cam=30.3 proc=9.4 busy=0.0 pre=7.7 pred=31.9 post=0.4 draw=0.1 e2e=65 obj=0.2
t=438 model=yolov8m_352x640 thermal=Fair level=2 lowpower=0 battery=full/100 mem=59 cam=30.0 proc=10.0 busy=0.0 pre=8.8 pred=31.2 post=0.4 draw=0.2 e2e=66 obj=0.4
t=439 model=yolov8m_352x640 thermal=Fair level=2 lowpower=0 battery=full/100 mem=59 cam=30.0 proc=11.2 busy=0.0 pre=9.1 pred=31.1 post=0.4 draw=0.1 e2e=66 obj=0.3
t=440 model=yolov8m_352x640 thermal=Fair level=2 lowpower=0 battery=full/100 mem=59 cam=30.2 proc=10.0 busy=0.0 pre=8.1 pred=30.9 post=0.4 draw=0.2 e2e=65 obj=0.4
t=441 model=yolov8m_352x640 thermal=Fair level=2 lowpower=0 battery=full/100 mem=59 cam=30.0 proc=10.0 busy=0.0 pre=8.0 pred=32.7 post=0.4 draw=0.2 e2e=66 obj=0.4
t=442 model=yolov8m_352x640 thermal=Fair level=2 lowpower=0 battery=full/100 mem=59 cam=29.9 proc=11.2 busy=0.0 pre=2.4 pred=60.4 post=0.3 draw=0.2 e2e=88 obj=0.7
t=444 model=yolov8m_352x640 thermal=Fair level=2 lowpower=0 battery=full/100 mem=59 cam=29.8 proc=10.0 busy=0.0 pre=2.9 pred=57.9 post=0.4 draw=0.2 e2e=86 obj=0.4
t=445 model=yolov8m_352x640 thermal=Fair level=2 lowpower=0 battery=full/100 mem=59 cam=29.0 proc=11.4 busy=0.0 pre=2.5 pred=60.8 post=0.4 draw=0.3 e2e=88 obj=0.7
t=446 model=yolov8m_352x640 thermal=Fair level=2 lowpower=0 battery=full/100 mem=59 cam=30.0 proc=10.0 busy=0.0 pre=2.5 pred=60.3 post=0.3 draw=0.1 e2e=88 obj=0.4
t=447 model=yolov8m_352x640 thermal=Fair level=2 lowpower=0 battery=full/100 mem=59 cam=31.7 proc=9.9 busy=0.0 pre=5.4 pred=53.2 post=0.3 draw=0.3 e2e=85 obj=0.8
t=448 model=yolov8m_352x640 thermal=Fair level=2 lowpower=0 battery=full/100 mem=59 cam=29.6 proc=9.4 busy=0.0 pre=2.9 pred=59.3 post=0.3 draw=0.0 e2e=87 obj=0.0
t=449 model=yolov8m_352x640 thermal=Fair level=2 lowpower=0 battery=full/100 mem=59 cam=29.7 proc=9.4 busy=0.0 pre=7.7 pred=30.9 post=0.4 draw=0.2 e2e=64 obj=0.4
t=450 model=yolov8m_352x640 thermal=Fair level=2 lowpower=0 battery=full/100 mem=59 cam=30.2 proc=9.4 busy=0.0 pre=8.2 pred=32.7 post=0.5 draw=0.1 e2e=66 obj=0.2
t=451 model=yolov8m_352x640 thermal=Fair level=2 lowpower=0 battery=full/100 mem=59 cam=30.4 proc=9.7 busy=0.0 pre=8.9 pred=30.8 post=0.4 draw=0.1 e2e=66 obj=0.2
t=452 model=yolov8m_352x640 thermal=Fair level=2 lowpower=0 battery=full/100 mem=59 cam=30.6 proc=9.9 busy=0.0 pre=2.3 pred=61.6 post=0.4 draw=0.2 e2e=89 obj=0.4
t=453 model=yolov8m_352x640 thermal=Fair level=2 lowpower=0 battery=full/100 mem=59 cam=30.0 proc=9.4 busy=0.0 pre=2.5 pred=61.4 post=0.3 draw=0.1 e2e=90 obj=0.2
t=454 model=yolov8m_352x640 thermal=Fair level=2 lowpower=0 battery=full/100 mem=59 cam=29.9 proc=11.2 busy=0.0 pre=2.5 pred=59.4 post=0.4 draw=0.1 e2e=87 obj=0.3
t=455 model=yolov8m_352x640 thermal=Fair level=2 lowpower=0 battery=full/100 mem=59 cam=30.0 proc=9.4 busy=0.0 pre=2.5 pred=60.2 post=0.3 draw=0.2 e2e=88 obj=0.4
t=456 model=yolov8m_352x640 thermal=Fair level=2 lowpower=0 battery=full/100 mem=59 cam=31.7 proc=9.9 busy=0.0 pre=2.2 pred=61.9 post=0.4 draw=0.3 e2e=91 obj=0.8
t=457 model=yolov8m_352x640 thermal=Fair level=2 lowpower=0 battery=full/100 mem=59 cam=29.6 proc=9.9 busy=0.0 pre=5.1 pred=41.9 post=0.4 draw=0.2 e2e=72 obj=0.4
t=458 model=yolov8m_352x640 thermal=Fair level=2 lowpower=0 battery=full/100 mem=59 cam=30.0 proc=9.4 busy=0.0 pre=5.8 pred=30.9 post=0.4 draw=0.0 e2e=63 obj=0.0
t=459 model=yolov8m_352x640 thermal=Fair level=2 lowpower=0 battery=full/100 mem=59 cam=28.1 proc=11.2 busy=0.0 pre=2.5 pred=62.0 post=0.3 draw=0.1 e2e=89 obj=0.3
t=460 model=yolov8m_352x640 thermal=Fair level=2 lowpower=0 battery=full/100 mem=59 cam=29.9 proc=10.0 busy=0.0 pre=2.1 pred=63.8 post=0.3 draw=0.3 e2e=91 obj=0.8
t=461 model=yolov8m_352x640 thermal=Fair level=2 lowpower=0 battery=full/100 mem=59 cam=30.3 proc=9.5 busy=0.0 pre=7.0 pred=30.7 post=0.4 draw=0.2 e2e=64 obj=0.6
t=462 model=yolov8m_352x640 thermal=Fair level=2 lowpower=0 battery=full/100 mem=59 cam=29.9 proc=9.4 busy=0.0 pre=7.9 pred=31.1 post=0.4 draw=0.3 e2e=65 obj=0.8
t=463 model=yolov8m_352x640 thermal=Fair level=2 lowpower=0 battery=full/100 mem=59 cam=29.2 proc=9.7 busy=0.0 pre=6.6 pred=31.2 post=0.4 draw=0.2 e2e=64 obj=0.4
t=464 model=yolov8m_352x640 thermal=Fair level=2 lowpower=0 battery=full/100 mem=59 cam=29.9 proc=12.0 busy=0.0 pre=8.2 pred=31.4 post=0.4 draw=0.0 e2e=65 obj=0.2
t=465 model=yolov8m_352x640 thermal=Fair level=2 lowpower=0 battery=full/100 mem=59 cam=30.0 proc=9.5 busy=0.0 pre=7.7 pred=30.5 post=0.4 draw=0.1 e2e=63 obj=0.4
t=466 model=yolov8m_352x640 thermal=Fair level=2 lowpower=0 battery=full/100 mem=59 cam=30.0 proc=9.5 busy=0.0 pre=8.0 pred=31.0 post=0.4 draw=0.2 e2e=65 obj=0.6
t=467 model=yolov8m_352x640 thermal=Fair level=2 lowpower=0 battery=full/100 mem=59 cam=29.9 proc=10.0 busy=0.0 pre=7.6 pred=30.8 post=0.4 draw=0.0 e2e=64 obj=0.0
t=468 model=yolov8m_352x640 thermal=Fair level=2 lowpower=0 battery=full/100 mem=59 cam=30.4 proc=9.4 busy=0.0 pre=7.9 pred=30.8 post=0.4 draw=0.2 e2e=65 obj=0.6
t=469 model=yolov8m_352x640 thermal=Fair level=2 lowpower=0 battery=full/100 mem=59 cam=29.7 proc=9.4 busy=0.0 pre=7.0 pred=35.9 post=0.4 draw=0.2 e2e=69 obj=0.4
t=470 model=yolov8m_352x640 thermal=Fair level=2 lowpower=0 battery=full/100 mem=59 cam=28.1 proc=11.2 busy=0.0 pre=2.3 pred=60.9 post=0.3 draw=0.0 e2e=87 obj=0.0
t=471 model=yolov8m_352x640 thermal=Fair level=2 lowpower=0 battery=full/100 mem=59 cam=29.5 proc=9.8 busy=0.0 pre=2.3 pred=63.1 post=0.3 draw=0.1 e2e=90 obj=0.6
t=472 model=yolov8m_352x640 thermal=Fair level=2 lowpower=0 battery=full/100 mem=59 cam=30.2 proc=9.4 busy=0.0 pre=3.3 pred=59.1 post=0.3 draw=0.0 e2e=87 obj=0.0
t=473 model=yolov8m_352x640 thermal=Fair level=2 lowpower=0 battery=full/100 mem=59 cam=29.4 proc=9.8 busy=0.0 pre=7.2 pred=29.9 post=0.4 draw=0.2 e2e=63 obj=0.6
t=474 model=yolov8m_352x640 thermal=Fair level=2 lowpower=0 battery=full/100 mem=59 cam=29.6 proc=9.9 busy=0.0 pre=8.8 pred=30.7 post=0.4 draw=0.2 e2e=65 obj=0.8
t=475 model=yolov8m_352x640 thermal=Fair level=1 lowpower=0 battery=full/100 mem=59 cam=29.9 proc=9.9 busy=0.0 pre=6.6 pred=31.1 post=0.4 draw=0.1 e2e=63 obj=0.2
t=476 model=yolov8m_352x640 thermal=Fair level=1 lowpower=0 battery=full/100 mem=59 cam=30.0 proc=14.0 busy=0.0 pre=7.5 pred=30.2 post=0.4 draw=0.1 e2e=64 obj=0.3
t=477 model=yolov8m_352x640 thermal=Fair level=1 lowpower=0 battery=full/100 mem=59 cam=30.0 proc=15.8 busy=0.0 pre=4.9 pred=35.1 post=0.4 draw=0.1 e2e=64 obj=0.2
t=478 model=yolov8m_352x640 thermal=Fair level=1 lowpower=0 battery=full/100 mem=59 cam=30.0 proc=13.5 busy=0.0 pre=6.4 pred=34.5 post=0.5 draw=0.2 e2e=67 obj=0.4
t=479 model=yolov8m_352x640 thermal=Fair level=1 lowpower=0 battery=full/100 mem=59 cam=30.0 proc=15.8 busy=0.0 pre=5.7 pred=39.4 post=0.4 draw=0.1 e2e=71 obj=0.4
t=480 model=yolov8m_352x640 thermal=Fair level=1 lowpower=0 battery=full/100 mem=59 cam=30.0 proc=15.0 busy=0.0 pre=6.0 pred=35.2 post=0.4 draw=0.1 e2e=66 obj=0.2
t=481 model=yolov8m_352x640 thermal=Fair level=1 lowpower=0 battery=full/100 mem=59 cam=29.9 proc=14.0 busy=0.0 pre=6.3 pred=35.5 post=0.4 draw=0.1 e2e=66 obj=0.1
t=482 model=yolov8m_352x640 thermal=Fair level=1 lowpower=0 battery=full/100 mem=59 cam=30.9 proc=13.5 busy=0.0 pre=6.8 pred=34.5 post=0.4 draw=0.1 e2e=66 obj=0.3
t=483 model=yolov8m_352x640 thermal=Fair level=1 lowpower=0 battery=full/100 mem=59 cam=30.1 proc=15.0 busy=0.0 pre=9.0 pred=31.0 post=0.4 draw=0.1 e2e=66 obj=0.4
t=484 model=yolov8m_352x640 thermal=Fair level=1 lowpower=0 battery=full/100 mem=59 cam=29.9 proc=15.1 busy=0.0 pre=6.0 pred=36.6 post=0.4 draw=0.1 e2e=66 obj=0.4
t=485 model=yolov8m_352x640 thermal=Fair level=1 lowpower=0 battery=full/100 mem=59 cam=30.4 proc=15.2 busy=0.0 pre=8.6 pred=30.9 post=0.4 draw=0.1 e2e=66 obj=0.1
t=487 model=yolov8m_352x640 thermal=Fair level=1 lowpower=0 battery=full/100 mem=59 cam=30.5 proc=14.9 busy=0.0 pre=7.7 pred=35.4 post=0.4 draw=0.2 e2e=69 obj=0.6
t=488 model=yolov8m_352x640 thermal=Fair level=1 lowpower=0 battery=full/100 mem=59 cam=30.9 proc=13.5 busy=0.0 pre=6.5 pred=35.4 post=0.4 draw=0.1 e2e=67 obj=0.1
t=489 model=yolov8m_352x640 thermal=Fair level=1 lowpower=0 battery=full/100 mem=59 cam=29.8 proc=15.6 busy=0.0 pre=7.4 pred=33.3 post=0.4 draw=0.1 e2e=65 obj=0.2
t=490 model=yolov8m_352x640 thermal=Fair level=1 lowpower=0 battery=full/100 mem=59 cam=30.0 proc=14.0 busy=0.0 pre=7.0 pred=34.2 post=0.4 draw=0.2 e2e=66 obj=0.4
t=491 model=yolov8m_352x640 thermal=Fair level=1 lowpower=0 battery=full/100 mem=59 cam=30.5 proc=15.8 busy=0.0 pre=3.1 pred=40.6 post=0.3 draw=0.2 e2e=62 obj=0.8
t=492 model=yolov8m_352x640 thermal=Fair level=1 lowpower=0 battery=full/100 mem=59 cam=29.0 proc=15.2 busy=0.0 pre=7.8 pred=30.9 post=0.4 draw=0.1 e2e=65 obj=0.2
t=493 model=yolov8m_352x640 thermal=Fair level=1 lowpower=0 battery=full/100 mem=59 cam=29.7 proc=15.2 busy=0.0 pre=5.9 pred=37.7 post=0.3 draw=0.2 e2e=68 obj=0.6
t=494 model=yolov8m_352x640 thermal=Fair level=1 lowpower=0 battery=full/100 mem=59 cam=28.7 proc=15.1 busy=0.0 pre=7.6 pred=30.7 post=0.4 draw=0.2 e2e=65 obj=0.5
t=495 model=yolov8m_352x640 thermal=Fair level=1 lowpower=0 battery=full/100 mem=59 cam=29.9 proc=15.4 busy=0.0 pre=7.2 pred=31.3 post=0.4 draw=0.2 e2e=65 obj=0.5
t=496 model=yolov8m_352x640 thermal=Fair level=1 lowpower=0 battery=full/100 mem=59 cam=29.8 proc=16.0 busy=0.0 pre=7.2 pred=31.3 post=0.4 draw=0.2 e2e=65 obj=0.4
t=497 model=yolov8m_352x640 thermal=Fair level=1 lowpower=0 battery=full/100 mem=59 cam=30.1 proc=15.3 busy=0.0 pre=8.0 pred=31.1 post=0.4 draw=0.2 e2e=66 obj=0.9
t=498 model=yolov8m_352x640 thermal=Fair level=1 lowpower=0 battery=full/100 mem=59 cam=29.8 proc=15.4 busy=0.0 pre=7.6 pred=31.0 post=0.4 draw=0.2 e2e=65 obj=0.6
t=499 model=yolov8m_352x640 thermal=Fair level=1 lowpower=0 battery=full/100 mem=59 cam=30.0 proc=15.8 busy=0.0 pre=6.4 pred=34.9 post=0.4 draw=0.2 e2e=67 obj=0.8
t=500 model=yolov8m_352x640 thermal=Fair level=1 lowpower=0 battery=full/100 mem=59 cam=28.9 proc=15.0 busy=0.0 pre=6.5 pred=30.5 post=0.4 draw=0.2 e2e=63 obj=0.6
t=501 model=yolov8m_352x640 thermal=Fair level=1 lowpower=0 battery=full/100 mem=59 cam=30.0 proc=15.7 busy=0.0 pre=7.6 pred=30.6 post=0.4 draw=0.1 e2e=64 obj=0.2
t=502 model=yolov8m_352x640 thermal=Fair level=1 lowpower=0 battery=full/100 mem=59 cam=30.0 proc=15.3 busy=0.0 pre=5.5 pred=38.7 post=0.4 draw=0.1 e2e=67 obj=0.2
t=503 model=yolov8m_352x640 thermal=Fair level=1 lowpower=0 battery=full/100 mem=59 cam=29.9 proc=15.0 busy=0.0 pre=8.2 pred=30.9 post=0.4 draw=0.1 e2e=66 obj=0.4
t=504 model=yolov8m_352x640 thermal=Fair level=1 lowpower=0 battery=full/100 mem=59 cam=30.0 proc=15.0 busy=0.0 pre=7.5 pred=33.3 post=0.4 draw=0.1 e2e=67 obj=0.1
t=505 model=yolov8m_352x640 thermal=Fair level=1 lowpower=0 battery=full/100 mem=59 cam=29.8 proc=15.0 busy=0.0 pre=4.4 pred=44.1 post=0.4 draw=0.2 e2e=73 obj=0.5
t=506 model=yolov8m_352x640 thermal=Fair level=1 lowpower=0 battery=full/100 mem=59 cam=29.2 proc=15.6 busy=0.0 pre=8.0 pred=30.6 post=0.4 draw=0.3 e2e=66 obj=0.9
t=507 model=yolov8m_352x640 thermal=Fair level=1 lowpower=0 battery=full/100 mem=59 cam=29.8 proc=15.9 busy=0.0 pre=7.4 pred=33.4 post=0.4 draw=0.3 e2e=67 obj=1.0
t=508 model=yolov8m_352x640 thermal=Fair level=1 lowpower=0 battery=full/100 mem=59 cam=31.4 proc=13.7 busy=0.0 pre=7.5 pred=30.5 post=0.4 draw=0.1 e2e=65 obj=0.3
t=509 model=yolov8m_352x640 thermal=Fair level=1 lowpower=0 battery=full/100 mem=59 cam=30.1 proc=15.1 busy=0.0 pre=7.3 pred=35.5 post=0.5 draw=0.3 e2e=68 obj=0.4
t=510 model=yolov8m_352x640 thermal=Fair level=1 lowpower=0 battery=full/100 mem=59 cam=29.9 proc=15.0 busy=0.0 pre=6.8 pred=34.5 post=0.4 draw=0.1 e2e=67 obj=0.1
t=511 model=yolov8m_352x640 thermal=Fair level=1 lowpower=0 battery=full/100 mem=59 cam=30.1 proc=15.8 busy=0.0 pre=7.7 pred=30.3 post=0.4 draw=0.2 e2e=65 obj=0.5
t=512 model=yolov8m_352x640 thermal=Fair level=1 lowpower=0 battery=full/100 mem=59 cam=30.2 proc=15.4 busy=0.0 pre=5.3 pred=37.8 post=0.5 draw=0.2 e2e=68 obj=0.4
t=513 model=yolov8m_352x640 thermal=Fair level=1 lowpower=0 battery=full/100 mem=59 cam=30.8 proc=15.0 busy=0.0 pre=7.2 pred=31.1 post=0.4 draw=0.1 e2e=64 obj=0.2
t=514 model=yolov8m_352x640 thermal=Fair level=1 lowpower=0 battery=full/100 mem=59 cam=30.3 proc=15.0 busy=0.0 pre=7.7 pred=30.4 post=0.4 draw=0.2 e2e=64 obj=0.4
t=515 model=yolov8m_352x640 thermal=Fair level=1 lowpower=0 battery=full/100 mem=59 cam=29.8 proc=15.0 busy=0.0 pre=5.1 pred=40.9 post=0.4 draw=0.2 e2e=70 obj=0.6
t=516 model=yolov8m_352x640 thermal=Fair level=1 lowpower=0 battery=full/100 mem=59 cam=29.3 proc=15.9 busy=0.0 pre=6.8 pred=33.1 post=0.4 draw=0.1 e2e=66 obj=0.4
t=517 model=yolov8m_352x640 thermal=Fair level=1 lowpower=0 battery=full/100 mem=59 cam=29.9 proc=15.0 busy=0.0 pre=7.9 pred=30.4 post=0.4 draw=0.1 e2e=65 obj=0.4
t=518 model=yolov8m_352x640 thermal=Fair level=1 lowpower=0 battery=full/100 mem=59 cam=30.9 proc=13.8 busy=0.0 pre=8.9 pred=30.9 post=0.4 draw=0.1 e2e=66 obj=0.4
t=519 model=yolov8m_352x640 thermal=Fair level=1 lowpower=0 battery=full/100 mem=59 cam=30.1 proc=15.4 busy=0.0 pre=7.4 pred=30.5 post=0.4 draw=0.1 e2e=63 obj=0.4
t=520 model=yolov8m_352x640 thermal=Fair level=1 lowpower=0 battery=full/100 mem=59 cam=30.1 proc=14.0 busy=0.0 pre=7.7 pred=30.4 post=0.4 draw=0.2 e2e=64 obj=0.4
t=521 model=yolov8m_352x640 thermal=Fair level=1 lowpower=0 battery=full/100 mem=59 cam=30.2 proc=15.8 busy=0.0 pre=7.8 pred=30.9 post=0.4 draw=0.1 e2e=64 obj=0.1
t=522 model=yolov8m_352x640 thermal=Fair level=1 lowpower=0 battery=full/100 mem=59 cam=30.4 proc=13.4 busy=0.0 pre=9.0 pred=30.7 post=0.4 draw=0.2 e2e=66 obj=0.7
t=523 model=yolov8m_352x640 thermal=Fair level=1 lowpower=0 battery=full/100 mem=59 cam=29.4 proc=15.9 busy=0.0 pre=8.5 pred=31.0 post=0.4 draw=0.1 e2e=65 obj=0.4
t=524 model=yolov8m_352x640 thermal=Fair level=1 lowpower=0 battery=full/100 mem=59 cam=29.6 proc=15.0 busy=0.0 pre=6.8 pred=38.0 post=0.4 draw=0.3 e2e=70 obj=0.9
t=525 model=yolov8m_352x640 thermal=Fair level=1 lowpower=0 battery=full/100 mem=59 cam=30.0 proc=15.0 busy=0.0 pre=6.8 pred=34.3 post=0.4 draw=0.2 e2e=66 obj=0.5
t=526 model=yolov8m_352x640 thermal=Fair level=1 lowpower=0 battery=full/100 mem=59 cam=31.5 proc=15.1 busy=0.0 pre=6.2 pred=36.7 post=0.3 draw=0.1 e2e=67 obj=0.2
t=527 model=yolov8m_352x640 thermal=Fair level=1 lowpower=0 battery=full/100 mem=59 cam=29.5 proc=14.0 busy=0.0 pre=4.9 pred=37.5 post=0.4 draw=0.1 e2e=66 obj=0.1
t=528 model=yolov8m_352x640 thermal=Fair level=1 lowpower=0 battery=full/100 mem=59 cam=29.9 proc=15.4 busy=0.0 pre=5.6 pred=40.3 post=0.4 draw=0.2 e2e=70 obj=0.5
t=529 model=yolov8m_352x640 thermal=Fair level=1 lowpower=0 battery=full/100 mem=59 cam=30.5 proc=15.0 busy=0.0 pre=4.9 pred=38.6 post=0.4 draw=0.2 e2e=66 obj=0.9
t=530 model=yolov8m_352x640 thermal=Fair level=1 lowpower=0 battery=full/100 mem=59 cam=30.6 proc=15.0 busy=0.0 pre=5.6 pred=38.0 post=0.4 draw=0.1 e2e=69 obj=0.1
t=531 model=yolov8m_352x640 thermal=Fair level=1 lowpower=0 battery=full/100 mem=59 cam=30.0 proc=13.5 busy=0.0 pre=7.5 pred=34.7 post=0.4 draw=0.1 e2e=69 obj=0.1
t=532 model=yolov8m_352x640 thermal=Fair level=1 lowpower=0 battery=full/100 mem=59 cam=29.0 proc=15.4 busy=0.0 pre=4.3 pred=38.6 post=0.4 draw=0.2 e2e=67 obj=0.5
t=533 model=yolov8m_352x640 thermal=Fair level=1 lowpower=0 battery=full/100 mem=59 cam=30.1 proc=15.3 busy=0.0 pre=8.0 pred=31.1 post=0.4 draw=0.2 e2e=64 obj=0.5
t=534 model=yolov8m_352x640 thermal=Fair level=1 lowpower=0 battery=full/100 mem=59 cam=29.8 proc=15.0 busy=0.0 pre=7.9 pred=31.0 post=0.4 draw=0.2 e2e=65 obj=0.6
t=535 model=yolov8m_352x640 thermal=Fair level=1 lowpower=0 battery=full/100 mem=59 cam=29.9 proc=13.6 busy=0.0 pre=6.4 pred=38.6 post=0.4 draw=0.2 e2e=71 obj=0.6
t=536 model=yolov8m_352x640 thermal=Fair level=1 lowpower=0 battery=full/100 mem=59 cam=29.8 proc=15.7 busy=0.0 pre=5.9 pred=36.4 post=0.6 draw=0.4 e2e=67 obj=0.6
t=537 model=yolov8m_352x640 thermal=Fair level=1 lowpower=0 battery=full/100 mem=59 cam=30.6 proc=15.0 busy=0.0 pre=5.7 pred=37.4 post=0.4 draw=0.2 e2e=68 obj=0.5
t=538 model=yolov8m_352x640 thermal=Fair level=1 lowpower=0 battery=full/100 mem=59 cam=30.1 proc=15.2 busy=0.0 pre=7.1 pred=31.2 post=0.4 draw=0.1 e2e=64 obj=0.2
t=540 model=yolov8m_352x640 thermal=Fair level=1 lowpower=0 battery=full/100 mem=59 cam=30.2 proc=13.9 busy=0.0 pre=4.9 pred=37.0 post=0.4 draw=0.2 e2e=66 obj=0.6
t=541 model=yolov8m_352x640 thermal=Fair level=1 lowpower=0 battery=full/100 mem=59 cam=30.3 proc=15.1 busy=0.0 pre=7.0 pred=33.5 post=0.4 draw=0.2 e2e=66 obj=0.4
t=542 model=yolov8m_352x640 thermal=Fair level=1 lowpower=0 battery=full/100 mem=59 cam=30.1 proc=15.5 busy=0.0 pre=6.4 pred=33.2 post=0.4 draw=0.1 e2e=64 obj=0.2
t=543 model=yolov8m_352x640 thermal=Fair level=1 lowpower=0 battery=full/100 mem=59 cam=29.9 proc=15.1 busy=0.0 pre=6.3 pred=33.7 post=0.4 draw=0.1 e2e=66 obj=0.2
t=544 model=yolov8m_352x640 thermal=Fair level=1 lowpower=0 battery=full/100 mem=59 cam=30.1 proc=15.5 busy=0.0 pre=6.3 pred=35.1 post=0.4 draw=0.2 e2e=68 obj=0.9
t=545 model=yolov8m_352x640 thermal=Fair level=1 lowpower=0 battery=full/100 mem=59 cam=30.0 proc=15.9 busy=0.0 pre=6.0 pred=34.9 post=0.4 draw=0.1 e2e=66 obj=0.1
t=546 model=yolov8m_352x640 thermal=Fair level=1 lowpower=0 battery=full/100 mem=59 cam=29.4 proc=15.0 busy=0.0 pre=7.1 pred=30.6 post=0.4 draw=0.2 e2e=65 obj=0.6
t=547 model=yolov8m_352x640 thermal=Fair level=1 lowpower=0 battery=full/100 mem=59 cam=29.1 proc=13.7 busy=0.0 pre=8.6 pred=31.3 post=0.4 draw=0.1 e2e=66 obj=0.3
t=548 model=yolov8m_352x640 thermal=Fair level=1 lowpower=0 battery=full/100 mem=59 cam=30.2 proc=15.0 busy=0.0 pre=7.3 pred=31.2 post=0.4 draw=0.2 e2e=66 obj=0.6
t=549 model=yolov8m_352x640 thermal=Fair level=1 lowpower=0 battery=full/100 mem=59 cam=30.4 proc=15.0 busy=0.0 pre=7.1 pred=30.8 post=0.4 draw=0.2 e2e=65 obj=0.8
t=550 model=yolov8m_352x640 thermal=Fair level=1 lowpower=0 battery=full/100 mem=59 cam=30.0 proc=15.0 busy=0.0 pre=8.9 pred=30.8 post=0.4 draw=0.1 e2e=66 obj=0.2
t=551 model=yolov8m_352x640 thermal=Fair level=1 lowpower=0 battery=full/100 mem=59 cam=30.0 proc=15.0 busy=0.0 pre=7.7 pred=33.3 post=0.4 draw=0.2 e2e=67 obj=0.6
t=552 model=yolov8m_352x640 thermal=Fair level=1 lowpower=0 battery=full/100 mem=59 cam=32.0 proc=13.8 busy=0.0 pre=5.6 pred=34.7 post=0.4 draw=0.2 e2e=65 obj=0.4
t=553 model=yolov8m_352x640 thermal=Fair level=1 lowpower=0 battery=full/100 mem=59 cam=30.0 proc=15.5 busy=0.0 pre=5.7 pred=34.4 post=0.4 draw=0.1 e2e=65 obj=0.2
t=554 model=yolov8m_352x640 thermal=Fair level=1 lowpower=0 battery=full/100 mem=59 cam=29.8 proc=13.9 busy=0.0 pre=6.7 pred=34.6 post=0.4 draw=0.2 e2e=67 obj=0.6
t=555 model=yolov8m_352x640 thermal=Fair level=1 lowpower=0 battery=full/100 mem=59 cam=29.8 proc=15.1 busy=0.0 pre=7.0 pred=30.3 post=0.4 draw=0.1 e2e=63 obj=0.4
t=556 model=yolov8m_352x640 thermal=Fair level=1 lowpower=0 battery=full/100 mem=59 cam=30.1 proc=15.1 busy=0.0 pre=6.6 pred=32.9 post=0.4 draw=0.1 e2e=65 obj=0.2
t=557 model=yolov8m_352x640 thermal=Fair level=1 lowpower=0 battery=full/100 mem=59 cam=30.1 proc=15.9 busy=0.0 pre=9.1 pred=30.8 post=0.4 draw=0.3 e2e=66 obj=0.8
t=558 model=yolov8m_352x640 thermal=Fair level=1 lowpower=0 battery=full/100 mem=59 cam=29.8 proc=15.5 busy=0.0 pre=7.0 pred=30.7 post=0.4 draw=0.2 e2e=65 obj=0.6
t=559 model=yolov8m_352x640 thermal=Fair level=1 lowpower=0 battery=full/100 mem=59 cam=30.8 proc=15.7 busy=0.0 pre=8.0 pred=31.1 post=0.4 draw=0.0 e2e=66 obj=0.0
t=560 model=yolov8m_352x640 thermal=Fair level=1 lowpower=0 battery=full/100 mem=59 cam=31.4 proc=14.0 busy=0.0 pre=7.1 pred=34.4 post=0.4 draw=0.2 e2e=67 obj=0.6
t=561 model=yolov8m_352x640 thermal=Fair level=1 lowpower=0 battery=full/100 mem=59 cam=30.0 proc=15.0 busy=0.0 pre=7.0 pred=30.3 post=0.4 draw=0.2 e2e=64 obj=0.5
t=562 model=yolov8m_352x640 thermal=Fair level=1 lowpower=0 battery=full/100 mem=59 cam=30.4 proc=15.2 busy=0.0 pre=9.3 pred=30.5 post=0.4 draw=0.2 e2e=66 obj=0.6
t=563 model=yolov8m_352x640 thermal=Fair level=1 lowpower=0 battery=full/100 mem=59 cam=29.6 proc=15.2 busy=0.0 pre=7.7 pred=30.8 post=0.4 draw=0.1 e2e=64 obj=0.4
t=564 model=yolov8m_352x640 thermal=Fair level=1 lowpower=0 battery=full/100 mem=59 cam=30.1 proc=15.8 busy=0.0 pre=7.9 pred=33.3 post=0.4 draw=0.2 e2e=67 obj=0.8
t=565 model=yolov8m_352x640 thermal=Fair level=1 lowpower=0 battery=full/100 mem=59 cam=30.0 proc=15.0 busy=0.0 pre=6.8 pred=31.3 post=0.4 draw=0.1 e2e=64 obj=0.2
t=566 model=yolov8m_352x640 thermal=Fair level=1 lowpower=0 battery=full/100 mem=59 cam=30.0 proc=15.1 busy=0.0 pre=6.4 pred=33.9 post=0.5 draw=0.3 e2e=65 obj=0.6
t=567 model=yolov8m_352x640 thermal=Fair level=1 lowpower=0 battery=full/100 mem=59 cam=30.3 proc=13.6 busy=0.0 pre=7.1 pred=33.8 post=0.4 draw=0.2 e2e=66 obj=0.6
t=568 model=yolov8m_352x640 thermal=Fair level=1 lowpower=0 battery=full/100 mem=59 cam=30.0 proc=15.9 busy=0.0 pre=6.4 pred=34.5 post=0.4 draw=0.1 e2e=65 obj=0.2
t=569 model=yolov8m_352x640 thermal=Fair level=1 lowpower=0 battery=full/100 mem=59 cam=31.4 proc=15.0 busy=0.0 pre=6.4 pred=33.3 post=0.4 draw=0.1 e2e=65 obj=0.2
t=570 model=yolov8m_352x640 thermal=Fair level=1 lowpower=0 battery=full/100 mem=59 cam=30.8 proc=15.1 busy=0.0 pre=5.7 pred=37.2 post=0.4 draw=0.2 e2e=68 obj=0.6
t=571 model=yolov8m_352x640 thermal=Fair level=1 lowpower=0 battery=full/100 mem=59 cam=28.6 proc=13.4 busy=0.0 pre=6.6 pred=37.9 post=0.4 draw=0.2 e2e=69 obj=0.4
t=572 model=yolov8m_352x640 thermal=Fair level=1 lowpower=0 battery=full/100 mem=59 cam=30.0 proc=15.9 busy=0.0 pre=6.0 pred=37.8 post=0.4 draw=0.1 e2e=68 obj=0.2
t=573 model=yolov8m_352x640 thermal=Fair level=1 lowpower=0 battery=full/100 mem=61 cam=29.0 proc=15.1 busy=0.0 pre=5.2 pred=37.7 post=0.4 draw=0.1 e2e=68 obj=0.5
t=574 model=yolov8m_352x640 thermal=Fair level=1 lowpower=0 battery=full/100 mem=59 cam=30.0 proc=14.9 busy=0.0 pre=7.8 pred=30.7 post=0.4 draw=0.1 e2e=64 obj=0.2
t=575 model=yolov8m_352x640 thermal=Fair level=1 lowpower=0 battery=full/100 mem=59 cam=29.5 proc=15.0 busy=0.0 pre=6.4 pred=36.7 post=0.4 draw=0.1 e2e=68 obj=0.2
t=576 model=yolov8m_352x640 thermal=Fair level=1 lowpower=0 battery=full/100 mem=59 cam=30.1 proc=15.4 busy=0.0 pre=5.5 pred=37.9 post=0.3 draw=0.2 e2e=67 obj=0.6
t=577 model=yolov8m_352x640 thermal=Fair level=1 lowpower=0 battery=full/100 mem=59 cam=29.9 proc=15.2 busy=0.0 pre=5.6 pred=39.5 post=0.4 draw=0.2 e2e=70 obj=0.6
t=578 model=yolov8m_352x640 thermal=Fair level=1 lowpower=0 battery=full/100 mem=59 cam=30.0 proc=13.9 busy=0.0 pre=7.0 pred=37.0 post=0.6 draw=0.3 e2e=69 obj=0.7
t=579 model=yolov8m_352x640 thermal=Fair level=1 lowpower=0 battery=full/100 mem=59 cam=30.6 proc=15.2 busy=0.0 pre=5.2 pred=37.3 post=0.4 draw=0.2 e2e=67 obj=0.4
t=580 model=yolov8m_352x640 thermal=Fair level=1 lowpower=0 battery=full/100 mem=59 cam=29.9 proc=15.0 busy=0.0 pre=6.5 pred=31.0 post=0.4 draw=0.2 e2e=64 obj=0.5
t=581 model=yolov8m_352x640 thermal=Fair level=1 lowpower=0 battery=full/100 mem=59 cam=30.3 proc=15.0 busy=0.0 pre=7.2 pred=31.0 post=0.4 draw=0.2 e2e=65 obj=0.5
t=582 model=yolov8m_352x640 thermal=Fair level=1 lowpower=0 battery=full/100 mem=59 cam=29.9 proc=14.9 busy=0.0 pre=7.4 pred=36.1 post=0.4 draw=0.2 e2e=69 obj=0.4
t=583 model=yolov8m_352x640 thermal=Fair level=1 lowpower=0 battery=full/100 mem=59 cam=30.0 proc=15.9 busy=0.0 pre=6.1 pred=35.1 post=0.4 draw=0.1 e2e=67 obj=0.5
t=584 model=yolov8m_352x640 thermal=Fair level=1 lowpower=0 battery=full/100 mem=59 cam=31.0 proc=15.4 busy=0.0 pre=6.7 pred=31.1 post=0.4 draw=0.2 e2e=64 obj=0.5
t=585 model=yolov8m_352x640 thermal=Fair level=1 lowpower=0 battery=full/100 mem=59 cam=29.8 proc=15.9 busy=0.0 pre=6.5 pred=31.2 post=0.4 draw=0.2 e2e=65 obj=0.5
t=586 model=yolov8m_352x640 thermal=Fair level=1 lowpower=0 battery=full/100 mem=59 cam=31.2 proc=15.7 busy=0.0 pre=5.5 pred=37.0 post=0.4 draw=0.2 e2e=67 obj=0.4
t=588 model=yolov8m_352x640 thermal=Fair level=1 lowpower=0 battery=full/100 mem=59 cam=30.3 proc=15.6 busy=0.0 pre=6.8 pred=30.6 post=0.4 draw=0.2 e2e=63 obj=0.5
t=589 model=yolov8m_352x640 thermal=Fair level=1 lowpower=0 battery=full/100 mem=59 cam=29.9 proc=15.8 busy=0.0 pre=7.1 pred=30.1 post=0.4 draw=0.1 e2e=63 obj=0.4
t=590 model=yolov8m_352x640 thermal=Fair level=1 lowpower=0 battery=full/100 mem=59 cam=30.7 proc=15.7 busy=0.0 pre=7.3 pred=30.4 post=0.4 draw=0.2 e2e=64 obj=0.6
t=591 model=yolov8m_352x640 thermal=Fair level=1 lowpower=0 battery=full/100 mem=59 cam=30.1 proc=15.9 busy=0.0 pre=5.3 pred=33.5 post=0.4 draw=0.2 e2e=64 obj=0.8
t=592 model=yolov8m_352x640 thermal=Fair level=1 lowpower=0 battery=full/100 mem=60 cam=29.0 proc=13.8 busy=0.0 pre=3.4 pred=38.1 post=0.4 draw=0.2 e2e=58 obj=0.6
t=593 model=yolov8m_352x640 thermal=Fair level=1 lowpower=0 battery=full/100 mem=60 cam=29.9 proc=15.2 busy=0.0 pre=3.7 pred=40.5 post=0.4 draw=0.2 e2e=63 obj=0.9
t=594 model=yolov8m_352x640 thermal=Fair level=1 lowpower=0 battery=full/100 mem=60 cam=29.6 proc=15.3 busy=0.0 pre=5.5 pred=34.9 post=0.4 draw=0.2 e2e=63 obj=0.8
t=595 model=yolov8m_352x640 thermal=Fair level=1 lowpower=0 battery=full/100 mem=60 cam=29.1 proc=15.6 busy=0.0 pre=5.5 pred=35.3 post=0.3 draw=0.1 e2e=63 obj=0.5
t=596 model=yolov8m_352x640 thermal=Fair level=1 lowpower=0 battery=full/100 mem=60 cam=29.7 proc=15.1 busy=0.0 pre=8.1 pred=30.9 post=0.4 draw=0.2 e2e=65 obj=0.5
t=597 model=yolov8m_352x640 thermal=Fair level=1 lowpower=0 battery=full/100 mem=60 cam=31.3 proc=13.4 busy=0.0 pre=6.8 pred=31.2 post=0.4 draw=0.2 e2e=63 obj=0.6
t=598 model=yolov8m_352x640 thermal=Fair level=1 lowpower=0 battery=full/100 mem=60 cam=31.3 proc=15.2 busy=0.0 pre=5.7 pred=34.9 post=0.4 draw=0.3 e2e=63 obj=0.8
t=599 model=yolov8m_352x640 thermal=Fair level=1 lowpower=0 battery=full/100 mem=60 cam=29.4 proc=15.1 busy=0.0 pre=8.0 pred=30.5 post=0.4 draw=0.2 e2e=65 obj=0.5
t=600 model=yolov8m_352x640 thermal=Fair level=1 lowpower=0 battery=full/100 mem=60 cam=29.2 proc=15.6 busy=0.0 pre=7.9 pred=30.5 post=0.4 draw=0.2 e2e=65 obj=0.5
t=601 model=yolov8m_352x640 thermal=Fair level=1 lowpower=0 battery=full/100 mem=60 cam=29.6 proc=15.7 busy=0.0 pre=7.3 pred=30.0 post=0.4 draw=0.1 e2e=64 obj=0.4
t=602 model=yolov8m_352x640 thermal=Fair level=1 lowpower=0 battery=full/100 mem=60 cam=29.9 proc=13.9 busy=0.0 pre=6.7 pred=31.0 post=0.4 draw=0.2 e2e=64 obj=0.6
t=603 model=yolov8m_352x640 thermal=Fair level=1 lowpower=0 battery=full/100 mem=60 cam=31.4 proc=13.7 busy=0.0 pre=7.8 pred=31.0 post=0.4 draw=0.2 e2e=65 obj=0.4
t=604 model=yolov8m_352x640 thermal=Fair level=1 lowpower=0 battery=full/100 mem=60 cam=30.3 proc=15.1 busy=0.0 pre=7.3 pred=31.3 post=0.4 draw=0.1 e2e=65 obj=0.4
t=605 model=yolov8m_352x640 thermal=Fair level=1 lowpower=0 battery=full/100 mem=60 cam=29.9 proc=16.0 busy=0.0 pre=8.8 pred=31.1 post=0.4 draw=0.2 e2e=66 obj=0.5
t=606 model=yolov8m_352x640 thermal=Fair level=1 lowpower=0 battery=full/100 mem=60 cam=30.0 proc=15.0 busy=0.0 pre=7.8 pred=31.1 post=0.4 draw=0.2 e2e=65 obj=0.6
t=607 model=yolov8m_352x640 thermal=Fair level=1 lowpower=0 battery=full/100 mem=60 cam=30.0 proc=15.0 busy=0.0 pre=7.3 pred=33.7 post=0.4 draw=0.1 e2e=66 obj=0.2
t=608 model=yolov8m_352x640 thermal=Fair level=1 lowpower=0 battery=full/100 mem=60 cam=30.8 proc=15.4 busy=0.0 pre=7.7 pred=34.9 post=0.4 draw=0.2 e2e=67 obj=0.5
t=609 model=yolov8m_352x640 thermal=Fair level=1 lowpower=0 battery=full/100 mem=60 cam=30.5 proc=15.3 busy=0.0 pre=6.5 pred=35.9 post=0.4 draw=0.2 e2e=67 obj=0.6
t=610 model=yolov8m_352x640 thermal=Fair level=1 lowpower=0 battery=full/100 mem=60 cam=29.2 proc=15.9 busy=0.0 pre=7.4 pred=33.4 post=0.4 draw=0.1 e2e=66 obj=0.4
t=611 model=yolov8m_352x640 thermal=Fair level=1 lowpower=0 battery=full/100 mem=60 cam=29.8 proc=15.9 busy=0.0 pre=5.4 pred=38.1 post=0.4 draw=0.2 e2e=69 obj=0.5
t=612 model=yolov8m_352x640 thermal=Fair level=1 lowpower=0 battery=full/100 mem=60 cam=30.0 proc=15.0 busy=0.0 pre=5.9 pred=35.9 post=0.5 draw=0.2 e2e=66 obj=0.5
t=613 model=yolov8m_352x640 thermal=Fair level=1 lowpower=0 battery=full/100 mem=60 cam=28.6 proc=15.2 busy=0.0 pre=5.3 pred=40.4 post=0.4 draw=0.1 e2e=69 obj=0.5
t=614 model=yolov8m_352x640 thermal=Fair level=1 lowpower=0 battery=full/100 mem=60 cam=30.9 proc=15.4 busy=0.0 pre=5.7 pred=35.9 post=0.4 draw=0.2 e2e=66 obj=0.5
t=615 model=yolov8m_352x640 thermal=Fair level=1 lowpower=0 battery=full/100 mem=60 cam=31.0 proc=15.4 busy=0.0 pre=6.7 pred=35.5 post=0.5 draw=0.1 e2e=67 obj=0.2
t=616 model=yolov8m_352x640 thermal=Fair level=1 lowpower=0 battery=full/100 mem=60 cam=29.8 proc=15.9 busy=0.0 pre=4.1 pred=41.4 post=0.4 draw=0.2 e2e=69 obj=0.6
t=617 model=yolov8m_352x640 thermal=Fair level=1 lowpower=0 battery=full/100 mem=60 cam=31.1 proc=13.6 busy=0.0 pre=6.1 pred=37.6 post=0.4 draw=0.2 e2e=69 obj=0.6
t=618 model=yolov8m_352x640 thermal=Fair level=1 lowpower=0 battery=full/100 mem=60 cam=29.1 proc=15.5 busy=0.0 pre=6.9 pred=31.0 post=0.4 draw=0.1 e2e=63 obj=0.1
t=619 model=yolov8m_352x640 thermal=Fair level=1 lowpower=0 battery=full/100 mem=60 cam=30.7 proc=13.4 busy=0.0 pre=6.0 pred=37.5 post=0.4 draw=0.1 e2e=68 obj=0.3
t=620 model=yolov8m_352x640 thermal=Fair level=1 lowpower=0 battery=full/100 mem=60 cam=29.7 proc=15.8 busy=0.0 pre=9.2 pred=31.3 post=0.5 draw=0.1 e2e=66 obj=0.1
t=621 model=yolov8m_352x640 thermal=Fair level=1 lowpower=0 battery=full/100 mem=60 cam=30.9 proc=13.5 busy=0.0 pre=8.0 pred=31.6 post=0.4 draw=0.2 e2e=66 obj=0.7
t=622 model=yolov8m_352x640 thermal=Fair level=1 lowpower=0 battery=full/100 mem=60 cam=29.8 proc=15.9 busy=0.0 pre=7.4 pred=33.0 post=0.4 draw=0.1 e2e=66 obj=0.4
t=623 model=yolov8m_352x640 thermal=Fair level=1 lowpower=0 battery=full/100 mem=60 cam=30.3 proc=15.2 busy=0.0 pre=5.7 pred=36.7 post=0.4 draw=0.2 e2e=64 obj=0.8
t=624 model=yolov8m_352x640 thermal=Fair level=1 lowpower=0 battery=full/100 mem=60 cam=29.6 proc=15.7 busy=0.0 pre=4.3 pred=41.7 post=0.4 draw=0.2 e2e=67 obj=0.5
t=625 model=yolov8m_352x640 thermal=Fair level=1 lowpower=0 battery=full/100 mem=60 cam=29.8 proc=13.9 busy=0.0 pre=6.3 pred=34.1 post=0.5 draw=0.2 e2e=64 obj=0.6
t=626 model=yolov8m_352x640 thermal=Fair level=1 lowpower=0 battery=full/100 mem=60 cam=30.4 proc=15.1 busy=0.0 pre=5.0 pred=40.2 post=0.4 draw=0.2 e2e=68 obj=0.8
t=627 model=yolov8m_352x640 thermal=Fair level=1 lowpower=0 battery=full/100 mem=60 cam=29.0 proc=13.5 busy=0.0 pre=7.3 pred=30.9 post=0.4 draw=0.2 e2e=63 obj=0.4
t=628 model=yolov8m_352x640 thermal=Fair level=1 lowpower=0 battery=full/100 mem=60 cam=30.0 proc=15.0 busy=0.0 pre=3.3 pred=43.2 post=0.4 draw=0.2 e2e=69 obj=0.5
t=629 model=yolov8m_352x640 thermal=Fair level=1 lowpower=0 battery=full/100 mem=60 cam=31.2 proc=15.6 busy=0.0 pre=3.7 pred=42.3 post=0.4 draw=0.2 e2e=68 obj=0.6
t=630 model=yolov8m_352x640 thermal=Fair level=1 lowpower=0 battery=full/100 mem=60 cam=29.0 proc=15.5 busy=0.0 pre=4.3 pred=39.5 post=0.3 draw=0.2 e2e=66 obj=0.5
t=631 model=yolov8m_352x640 thermal=Fair level=1 lowpower=0 battery=full/100 mem=60 cam=29.9 proc=16.0 busy=0.0 pre=7.6 pred=31.2 post=0.4 draw=0.2 e2e=66 obj=0.8
t=632 model=yolov8m_352x640 thermal=Fair level=1 lowpower=0 battery=full/100 mem=60 cam=29.9 proc=15.9 busy=0.0 pre=7.1 pred=34.1 post=0.4 draw=0.1 e2e=68 obj=0.1
t=633 model=yolov8m_352x640 thermal=Fair level=1 lowpower=0 battery=full/100 mem=60 cam=30.0 proc=14.0 busy=0.0 pre=4.3 pred=44.0 post=0.4 draw=0.2 e2e=73 obj=0.7
t=634 model=yolov8m_352x640 thermal=Fair level=1 lowpower=0 battery=full/100 mem=60 cam=30.1 proc=15.1 busy=0.0 pre=7.2 pred=30.5 post=0.4 draw=0.1 e2e=64 obj=0.2
t=636 model=yolov8m_352x640 thermal=Fair level=1 lowpower=0 battery=full/100 mem=60 cam=30.0 proc=14.0 busy=0.0 pre=8.1 pred=31.0 post=0.4 draw=0.1 e2e=66 obj=0.1
t=637 model=yolov8m_352x640 thermal=Fair level=1 lowpower=0 battery=full/100 mem=60 cam=29.5 proc=15.8 busy=0.0 pre=7.8 pred=30.5 post=0.4 draw=0.2 e2e=66 obj=0.5
t=638 model=yolov8m_352x640 thermal=Fair level=1 lowpower=0 battery=full/100 mem=60 cam=30.0 proc=15.0 busy=0.0 pre=6.1 pred=33.3 post=0.4 draw=0.1 e2e=65 obj=0.1
t=639 model=yolov8m_352x640 thermal=Fair level=1 lowpower=0 battery=full/100 mem=60 cam=31.1 proc=15.5 busy=0.0 pre=5.4 pred=34.9 post=0.4 draw=0.1 e2e=66 obj=0.2
t=640 model=yolov8m_352x640 thermal=Fair level=1 lowpower=0 battery=full/100 mem=60 cam=30.0 proc=15.9 busy=0.0 pre=7.1 pred=31.3 post=0.4 draw=0.2 e2e=65 obj=0.4
t=641 model=yolov8m_352x640 thermal=Fair level=1 lowpower=0 battery=full/100 mem=60 cam=29.6 proc=15.8 busy=0.0 pre=7.3 pred=34.7 post=0.4 draw=0.1 e2e=68 obj=0.4
t=642 model=yolov8m_352x640 thermal=Fair level=1 lowpower=0 battery=full/100 mem=60 cam=30.2 proc=15.1 busy=0.0 pre=8.4 pred=30.6 post=0.4 draw=0.3 e2e=66 obj=0.8
t=643 model=yolov8m_352x640 thermal=Fair level=1 lowpower=0 battery=full/100 mem=60 cam=30.6 proc=13.4 busy=0.0 pre=6.9 pred=31.3 post=0.4 draw=0.2 e2e=64 obj=0.4
t=644 model=yolov8m_352x640 thermal=Fair level=1 lowpower=0 battery=full/100 mem=60 cam=29.6 proc=15.8 busy=0.0 pre=7.6 pred=30.6 post=0.4 draw=0.2 e2e=65 obj=0.6
t=645 model=yolov8m_352x640 thermal=Fair level=1 lowpower=0 battery=full/100 mem=60 cam=30.5 proc=15.2 busy=0.0 pre=8.3 pred=30.4 post=0.4 draw=0.1 e2e=66 obj=0.2
t=646 model=yolov8m_352x640 thermal=Fair level=1 lowpower=0 battery=full/100 mem=60 cam=29.0 proc=15.5 busy=0.0 pre=6.4 pred=35.4 post=0.4 draw=0.2 e2e=67 obj=0.5
t=647 model=yolov8m_352x640 thermal=Fair level=1 lowpower=0 battery=full/100 mem=60 cam=29.0 proc=15.5 busy=0.0 pre=8.2 pred=30.8 post=0.4 draw=0.2 e2e=66 obj=0.4
t=648 model=yolov8m_352x640 thermal=Fair level=1 lowpower=0 battery=full/100 mem=60 cam=31.0 proc=15.4 busy=0.0 pre=4.7 pred=41.0 post=0.4 draw=0.2 e2e=70 obj=0.9
t=649 model=yolov8m_352x640 thermal=Fair level=1 lowpower=0 battery=full/100 mem=60 cam=30.3 proc=15.0 busy=0.0 pre=6.0 pred=33.7 post=0.4 draw=0.1 e2e=65 obj=0.1
t=650 model=yolov8m_352x640 thermal=Fair level=1 lowpower=0 battery=full/100 mem=60 cam=30.4 proc=15.0 busy=0.0 pre=6.3 pred=33.6 post=0.4 draw=0.2 e2e=65 obj=0.2
t=651 model=yolov8m_352x640 thermal=Fair level=1 lowpower=0 battery=full/100 mem=60 cam=31.4 proc=14.9 busy=0.0 pre=7.6 pred=30.2 post=0.4 draw=0.2 e2e=64 obj=0.6
t=652 model=yolov8m_352x640 thermal=Fair level=1 lowpower=0 battery=full/100 mem=60 cam=30.0 proc=15.9 busy=0.0 pre=4.8 pred=43.4 post=0.4 draw=0.2 e2e=71 obj=0.6
t=653 model=yolov8m_352x640 thermal=Fair level=1 lowpower=0 battery=full/100 mem=60 cam=29.1 proc=13.7 busy=0.0 pre=7.8 pred=31.1 post=0.4 draw=0.1 e2e=65 obj=0.1
t=654 model=yolov8m_352x640 thermal=Fair level=1 lowpower=0 battery=full/100 mem=60 cam=30.0 proc=15.1 busy=0.0 pre=6.3 pred=35.8 post=0.4 draw=0.2 e2e=66 obj=0.6
t=655 model=yolov8m_352x640 thermal=Fair level=1 lowpower=0 battery=full/100 mem=60 cam=31.3 proc=13.1 busy=0.0 pre=6.3 pred=37.8 post=0.4 draw=0.2 e2e=68 obj=0.4
t=656 model=yolov8m_352x640 thermal=Fair level=1 lowpower=0 battery=full/100 mem=60 cam=30.4 proc=15.0 busy=0.0 pre=4.6 pred=40.2 post=0.4 draw=0.1 e2e=68 obj=0.1
t=657 model=yolov8m_352x640 thermal=Fair level=1 lowpower=0 battery=full/100 mem=60 cam=29.4 proc=13.9 busy=0.0 pre=5.6 pred=36.4 post=0.4 draw=0.2 e2e=66 obj=0.7
t=658 model=yolov8m_352x640 thermal=Fair level=1 lowpower=0 battery=full/100 mem=60 cam=30.5 proc=15.9 busy=0.0 pre=5.5 pred=35.9 post=0.4 draw=0.1 e2e=66 obj=0.5
t=659 model=yolov8m_352x640 thermal=Fair level=1 lowpower=0 battery=full/100 mem=60 cam=30.3 proc=15.0 busy=0.0 pre=7.5 pred=33.5 post=0.4 draw=0.1 e2e=66 obj=0.2
t=660 model=yolov8m_352x640 thermal=Fair level=1 lowpower=0 battery=full/100 mem=60 cam=29.3 proc=15.3 busy=0.0 pre=4.1 pred=39.1 post=0.4 draw=0.2 e2e=67 obj=0.5
t=661 model=yolov8m_352x640 thermal=Fair level=1 lowpower=0 battery=full/100 mem=60 cam=30.0 proc=15.3 busy=0.0 pre=6.7 pred=36.8 post=0.5 draw=0.3 e2e=68 obj=0.5
t=662 model=yolov8m_352x640 thermal=Fair level=1 lowpower=0 battery=full/100 mem=60 cam=29.8 proc=15.0 busy=0.0 pre=6.0 pred=36.4 post=0.4 draw=0.2 e2e=67 obj=0.5
t=663 model=yolov8m_352x640 thermal=Fair level=1 lowpower=0 battery=full/100 mem=60 cam=30.1 proc=15.9 busy=0.0 pre=7.2 pred=33.4 post=0.4 draw=0.2 e2e=66 obj=0.5
t=664 model=yolov8m_352x640 thermal=Fair level=1 lowpower=0 battery=full/100 mem=60 cam=28.9 proc=15.1 busy=0.0 pre=7.3 pred=33.8 post=0.4 draw=0.2 e2e=66 obj=0.5
t=665 model=yolov8m_352x640 thermal=Fair level=1 lowpower=0 battery=full/100 mem=60 cam=29.9 proc=15.9 busy=0.0 pre=7.4 pred=30.9 post=0.4 draw=0.1 e2e=65 obj=0.1
t=666 model=yolov8m_352x640 thermal=Fair level=1 lowpower=0 battery=full/100 mem=60 cam=29.9 proc=13.3 busy=0.0 pre=6.6 pred=34.6 post=0.4 draw=0.2 e2e=66 obj=0.6
t=667 model=yolov8m_352x640 thermal=Fair level=1 lowpower=0 battery=full/100 mem=60 cam=31.3 proc=15.9 busy=0.0 pre=6.6 pred=31.2 post=0.4 draw=0.1 e2e=64 obj=0.4
t=668 model=yolov8m_352x640 thermal=Fair level=1 lowpower=0 battery=full/100 mem=60 cam=28.7 proc=15.9 busy=0.0 pre=8.5 pred=30.9 post=0.4 draw=0.3 e2e=66 obj=0.9
t=669 model=yolov8m_352x640 thermal=Fair level=1 lowpower=0 battery=full/100 mem=60 cam=29.9 proc=13.3 busy=0.0 pre=6.2 pred=32.9 post=0.4 draw=0.2 e2e=64 obj=0.6
t=670 model=yolov8m_352x640 thermal=Fair level=1 lowpower=0 battery=full/100 mem=60 cam=28.9 proc=15.3 busy=0.0 pre=6.6 pred=30.7 post=0.4 draw=0.1 e2e=64 obj=0.4
t=671 model=yolov8m_352x640 thermal=Fair level=1 lowpower=0 battery=full/100 mem=60 cam=29.5 proc=13.9 busy=0.0 pre=7.0 pred=30.8 post=0.4 draw=0.2 e2e=64 obj=0.6
t=672 model=yolov8m_352x640 thermal=Fair level=1 lowpower=0 battery=full/100 mem=60 cam=29.5 proc=15.7 busy=0.0 pre=6.2 pred=31.1 post=0.4 draw=0.1 e2e=64 obj=0.4
t=673 model=yolov8m_352x640 thermal=Fair level=1 lowpower=0 battery=full/100 mem=60 cam=29.8 proc=13.4 busy=0.0 pre=6.5 pred=35.0 post=0.4 draw=0.2 e2e=67 obj=0.7
t=674 model=yolov8m_352x640 thermal=Fair level=1 lowpower=0 battery=full/100 mem=60 cam=30.0 proc=15.9 busy=0.0 pre=8.0 pred=30.6 post=0.4 draw=0.2 e2e=65 obj=0.5
t=675 model=yolov8m_352x640 thermal=Fair level=1 lowpower=0 battery=full/100 mem=60 cam=30.0 proc=15.0 busy=0.0 pre=8.4 pred=30.6 post=0.4 draw=0.2 e2e=65 obj=0.6
t=676 model=yolov8m_352x640 thermal=Fair level=1 lowpower=0 battery=full/100 mem=60 cam=31.1 proc=13.6 busy=0.0 pre=5.7 pred=35.9 post=0.4 draw=0.2 e2e=67 obj=0.4
t=677 model=yolov8m_352x640 thermal=Fair level=1 lowpower=0 battery=full/100 mem=60 cam=30.0 proc=15.0 busy=0.0 pre=5.8 pred=34.5 post=0.4 draw=0.2 e2e=67 obj=0.5
t=678 model=yolov8m_352x640 thermal=Fair level=1 lowpower=0 battery=full/100 mem=60 cam=30.0 proc=15.0 busy=0.0 pre=7.0 pred=30.6 post=0.4 draw=0.3 e2e=64 obj=0.9
t=679 model=yolov8m_352x640 thermal=Fair level=1 lowpower=0 battery=full/100 mem=60 cam=30.1 proc=15.1 busy=0.0 pre=7.4 pred=30.8 post=0.4 draw=0.2 e2e=65 obj=0.6
t=680 model=yolov8m_352x640 thermal=Fair level=1 lowpower=0 battery=full/100 mem=60 cam=29.1 proc=16.0 busy=0.0 pre=8.2 pred=31.1 post=0.4 draw=0.1 e2e=66 obj=0.2
t=681 model=yolov8m_352x640 thermal=Fair level=1 lowpower=0 battery=full/100 mem=60 cam=29.6 proc=16.0 busy=0.0 pre=7.5 pred=31.4 post=0.4 draw=0.2 e2e=66 obj=0.8
t=682 model=yolov8m_352x640 thermal=Fair level=1 lowpower=0 battery=full/100 mem=60 cam=29.8 proc=15.1 busy=0.0 pre=8.0 pred=30.3 post=0.4 draw=0.1 e2e=64 obj=0.2
t=683 model=yolov8m_352x640 thermal=Fair level=1 lowpower=0 battery=full/100 mem=60 cam=30.3 proc=15.9 busy=0.0 pre=8.0 pred=31.2 post=0.4 draw=0.1 e2e=65 obj=0.1
t=684 model=yolov8m_352x640 thermal=Fair level=1 lowpower=0 battery=full/100 mem=60 cam=30.0 proc=14.0 busy=0.0 pre=6.3 pred=30.5 post=0.4 draw=0.2 e2e=63 obj=0.4
t=685 model=yolov8m_352x640 thermal=Fair level=1 lowpower=0 battery=full/100 mem=60 cam=30.0 proc=15.1 busy=0.0 pre=7.8 pred=30.4 post=0.4 draw=0.2 e2e=65 obj=0.4
t=686 model=yolov8m_352x640 thermal=Fair level=1 lowpower=0 battery=full/100 mem=60 cam=30.1 proc=15.0 busy=0.0 pre=7.1 pred=31.2 post=0.5 draw=0.2 e2e=65 obj=0.6
t=687 model=yolov8m_352x640 thermal=Fair level=1 lowpower=0 battery=full/100 mem=60 cam=30.0 proc=13.4 busy=0.0 pre=8.2 pred=30.6 post=0.4 draw=0.2 e2e=66 obj=0.7
t=688 model=yolov8m_352x640 thermal=Fair level=1 lowpower=0 battery=full/100 mem=60 cam=31.2 proc=15.1 busy=0.0 pre=7.6 pred=33.3 post=0.4 draw=0.1 e2e=67 obj=0.2
t=689 model=yolov8m_352x640 thermal=Fair level=1 lowpower=0 battery=full/100 mem=60 cam=30.0 proc=15.0 busy=0.0 pre=7.6 pred=31.0 post=0.4 draw=0.3 e2e=65 obj=0.6
t=690 model=yolov8m_352x640 thermal=Fair level=1 lowpower=0 battery=full/100 mem=60 cam=29.5 proc=15.7 busy=0.0 pre=7.2 pred=34.3 post=0.4 draw=0.2 e2e=67 obj=0.8
t=692 model=yolov8m_352x640 thermal=Fair level=1 lowpower=0 battery=full/100 mem=60 cam=30.4 proc=13.8 busy=0.0 pre=5.0 pred=38.0 post=0.4 draw=0.2 e2e=67 obj=0.6
t=693 model=yolov8m_352x640 thermal=Fair level=1 lowpower=0 battery=full/100 mem=60 cam=30.1 proc=15.9 busy=0.0 pre=7.0 pred=34.7 post=0.4 draw=0.1 e2e=67 obj=0.2
t=694 model=yolov8m_352x640 thermal=Fair level=1 lowpower=0 battery=full/100 mem=60 cam=31.8 proc=13.5 busy=0.0 pre=6.8 pred=33.9 post=0.4 draw=0.2 e2e=66 obj=0.4
t=695 model=yolov8m_352x640 thermal=Fair level=1 lowpower=0 battery=full/100 mem=60 cam=30.1 proc=16.0 busy=0.0 pre=6.7 pred=33.8 post=0.4 draw=0.1 e2e=65 obj=0.4
t=696 model=yolov8m_352x640 thermal=Fair level=1 lowpower=0 battery=full/100 mem=60 cam=28.8 proc=15.0 busy=0.0 pre=7.8 pred=30.9 post=0.4 draw=0.2 e2e=65 obj=0.4
t=697 model=yolov8m_352x640 thermal=Fair level=1 lowpower=0 battery=full/100 mem=60 cam=29.7 proc=15.4 busy=0.0 pre=6.1 pred=36.8 post=0.4 draw=0.2 e2e=67 obj=0.5
t=698 model=yolov8m_352x640 thermal=Fair level=1 lowpower=0 battery=full/100 mem=60 cam=29.6 proc=15.7 busy=0.0 pre=6.1 pred=39.7 post=0.4 draw=0.2 e2e=71 obj=0.6
t=699 model=yolov8m_352x640 thermal=Fair level=1 lowpower=0 battery=full/100 mem=60 cam=29.9 proc=15.1 busy=0.0 pre=5.1 pred=40.5 post=0.5 draw=0.2 e2e=70 obj=0.6
t=700 model=yolov8m_352x640 thermal=Fair level=1 lowpower=0 battery=full/100 mem=60 cam=30.4 proc=15.0 busy=0.0 pre=6.0 pred=37.0 post=0.4 draw=0.2 e2e=68 obj=0.4
t=701 model=yolov8m_352x640 thermal=Fair level=1 lowpower=0 battery=full/100 mem=60 cam=30.0 proc=15.7 busy=0.0 pre=5.6 pred=37.7 post=0.4 draw=0.2 e2e=68 obj=0.8
t=702 model=yolov8m_352x640 thermal=Fair level=1 lowpower=0 battery=full/100 mem=60 cam=29.9 proc=15.6 busy=0.0 pre=5.6 pred=35.7 post=0.4 draw=0.3 e2e=66 obj=0.8
t=703 model=yolov8m_352x640 thermal=Fair level=1 lowpower=0 battery=full/100 mem=60 cam=29.8 proc=15.9 busy=0.0 pre=6.9 pred=32.9 post=0.4 draw=0.2 e2e=65 obj=0.6
t=704 model=yolov8m_352x640 thermal=Fair level=1 lowpower=0 battery=full/100 mem=60 cam=30.9 proc=15.0 busy=0.0 pre=6.8 pred=33.7 post=0.4 draw=0.2 e2e=66 obj=0.4
t=705 model=yolov8m_352x640 thermal=Fair level=1 lowpower=0 battery=full/100 mem=60 cam=29.9 proc=13.5 busy=0.0 pre=7.0 pred=34.7 post=0.4 draw=0.2 e2e=67 obj=0.7
t=706 model=yolov8m_352x640 thermal=Fair level=1 lowpower=0 battery=full/100 mem=60 cam=29.8 proc=15.8 busy=0.0 pre=7.1 pred=32.5 post=0.4 draw=0.1 e2e=65 obj=0.4
t=707 model=yolov8m_352x640 thermal=Fair level=1 lowpower=0 battery=full/100 mem=60 cam=30.2 proc=13.6 busy=0.0 pre=6.2 pred=34.4 post=0.4 draw=0.1 e2e=65 obj=0.3
t=708 model=yolov8m_352x640 thermal=Fair level=1 lowpower=0 battery=full/100 mem=60 cam=30.8 proc=14.0 busy=0.0 pre=6.4 pred=30.9 post=0.4 draw=0.1 e2e=63 obj=0.1
t=709 model=yolov8m_352x640 thermal=Fair level=1 lowpower=0 battery=full/100 mem=60 cam=29.3 proc=15.0 busy=0.0 pre=6.4 pred=33.7 post=0.4 draw=0.2 e2e=65 obj=0.6
t=710 model=yolov8m_352x640 thermal=Fair level=1 lowpower=0 battery=full/100 mem=60 cam=29.6 proc=15.0 busy=0.0 pre=6.2 pred=35.7 post=0.4 draw=0.1 e2e=67 obj=0.2
t=711 model=yolov8m_352x640 thermal=Fair level=1 lowpower=0 battery=full/100 mem=60 cam=30.0 proc=15.9 busy=0.0 pre=8.2 pred=31.3 post=0.4 draw=0.2 e2e=66 obj=0.6
t=712 model=yolov8m_352x640 thermal=Fair level=1 lowpower=0 battery=full/100 mem=60 cam=30.2 proc=15.0 busy=0.0 pre=9.2 pred=30.9 post=0.4 draw=0.2 e2e=67 obj=0.5
t=713 model=yolov8m_352x640 thermal=Fair level=1 lowpower=0 battery=full/100 mem=60 cam=29.9 proc=15.0 busy=0.0 pre=7.0 pred=30.9 post=0.4 draw=0.2 e2e=65 obj=0.6
t=714 model=yolov8m_352x640 thermal=Fair level=1 lowpower=0 battery=full/100 mem=60 cam=29.5 proc=15.2 busy=0.0 pre=8.0 pred=31.3 post=0.4 draw=0.2 e2e=66 obj=0.5
t=715 model=yolov8m_352x640 thermal=Fair level=1 lowpower=0 battery=full/100 mem=60 cam=30.0 proc=13.7 busy=0.0 pre=7.0 pred=32.9 post=0.4 draw=0.2 e2e=65 obj=0.6
t=716 model=yolov8m_352x640 thermal=Fair level=1 lowpower=0 battery=full/100 mem=60 cam=29.7 proc=15.4 busy=0.0 pre=7.9 pred=31.2 post=0.4 draw=0.1 e2e=66 obj=0.4
t=717 model=yolov8m_352x640 thermal=Fair level=1 lowpower=0 battery=full/100 mem=60 cam=29.9 proc=15.8 busy=0.0 pre=6.9 pred=31.1 post=0.4 draw=0.1 e2e=64 obj=0.4
t=718 model=yolov8m_352x640 thermal=Fair level=1 lowpower=0 battery=full/100 mem=60 cam=30.5 proc=15.0 busy=0.0 pre=7.7 pred=35.4 post=0.4 draw=0.3 e2e=69 obj=0.8
t=719 model=yolov8m_352x640 thermal=Fair level=1 lowpower=0 battery=full/100 mem=60 cam=31.2 proc=13.5 busy=0.0 pre=6.2 pred=34.2 post=0.4 draw=0.2 e2e=66 obj=0.4
t=720 model=yolov8m_352x640 thermal=Fair level=1 lowpower=0 battery=full/100 mem=60 cam=29.9 proc=14.0 busy=0.0 pre=7.5 pred=30.4 post=0.4 draw=0.2 e2e=65 obj=0.4
t=721 model=yolov8m_352x640 thermal=Fair level=1 lowpower=0 battery=full/100 mem=60 cam=30.8 proc=15.5 busy=0.0 pre=7.7 pred=31.2 post=0.4 draw=0.2 e2e=66 obj=0.6
t=722 model=yolov8m_352x640 thermal=Fair level=1 lowpower=0 battery=full/100 mem=60 cam=29.9 proc=14.0 busy=0.0 pre=6.5 pred=30.6 post=0.4 draw=0.2 e2e=64 obj=0.4
t=723 model=yolov8m_352x640 thermal=Fair level=1 lowpower=0 battery=full/100 mem=60 cam=29.9 proc=15.8 busy=0.0 pre=7.0 pred=34.2 post=0.4 draw=0.1 e2e=67 obj=0.2
t=724 model=yolov8m_352x640 thermal=Fair level=1 lowpower=0 battery=full/100 mem=60 cam=30.0 proc=13.6 busy=0.0 pre=6.7 pred=30.4 post=0.5 draw=0.1 e2e=63 obj=0.3
t=725 model=yolov8m_352x640 thermal=Fair level=1 lowpower=0 battery=full/100 mem=60 cam=30.0 proc=15.1 busy=0.0 pre=6.9 pred=30.4 post=0.4 draw=0.2 e2e=63 obj=0.5
t=726 model=yolov8m_352x640 thermal=Fair level=1 lowpower=0 battery=full/100 mem=60 cam=30.0 proc=15.0 busy=0.0 pre=8.0 pred=30.3 post=0.4 draw=0.2 e2e=65 obj=0.6
t=727 model=yolov8m_352x640 thermal=Fair level=1 lowpower=0 battery=full/100 mem=60 cam=30.0 proc=16.0 busy=0.0 pre=6.8 pred=33.1 post=0.5 draw=0.2 e2e=66 obj=0.6
t=728 model=yolov8m_352x640 thermal=Fair level=1 lowpower=0 battery=full/100 mem=60 cam=29.9 proc=15.0 busy=0.0 pre=7.5 pred=30.9 post=0.4 draw=0.2 e2e=65 obj=0.6
t=729 model=yolov8m_352x640 thermal=Fair level=1 lowpower=0 battery=full/100 mem=60 cam=30.0 proc=13.9 busy=0.0 pre=6.7 pred=30.5 post=0.4 draw=0.2 e2e=64 obj=0.4
t=730 model=yolov8m_352x640 thermal=Fair level=1 lowpower=0 battery=full/100 mem=60 cam=30.0 proc=15.2 busy=0.0 pre=7.3 pred=31.0 post=0.5 draw=0.3 e2e=65 obj=0.5
t=731 model=yolov8m_352x640 thermal=Fair level=1 lowpower=0 battery=full/100 mem=60 cam=29.8 proc=15.4 busy=0.0 pre=6.8 pred=34.6 post=0.4 draw=0.2 e2e=66 obj=0.5
t=732 model=yolov8m_352x640 thermal=Fair level=1 lowpower=0 battery=full/100 mem=60 cam=30.0 proc=15.0 busy=0.0 pre=5.8 pred=33.4 post=0.4 draw=0.3 e2e=65 obj=0.8
t=733 model=yolov8m_352x640 thermal=Fair level=1 lowpower=0 battery=full/100 mem=60 cam=29.8 proc=15.2 busy=0.0 pre=7.5 pred=30.6 post=0.4 draw=0.3 e2e=65 obj=0.6
t=734 model=yolov8m_352x640 thermal=Fair level=1 lowpower=0 battery=full/100 mem=60 cam=31.6 proc=15.0 busy=0.0 pre=7.7 pred=30.6 post=0.4 draw=0.2 e2e=64 obj=0.6
t=735 model=yolov8m_352x640 thermal=Fair level=1 lowpower=0 battery=full/100 mem=60 cam=29.1 proc=15.3 busy=0.0 pre=6.4 pred=34.1 post=0.4 draw=0.2 e2e=67 obj=0.6
t=736 model=yolov8m_352x640 thermal=Fair level=1 lowpower=0 battery=full/100 mem=60 cam=29.8 proc=15.9 busy=0.0 pre=6.5 pred=34.0 post=0.4 draw=0.2 e2e=66 obj=0.6
t=737 model=yolov8m_352x640 thermal=Fair level=1 lowpower=0 battery=full/100 mem=60 cam=28.9 proc=15.4 busy=0.0 pre=5.5 pred=39.2 post=0.4 draw=0.3 e2e=70 obj=0.8
t=738 model=yolov8m_352x640 thermal=Fair level=1 lowpower=0 battery=full/100 mem=60 cam=30.0 proc=15.0 busy=0.0 pre=6.2 pred=35.0 post=0.4 draw=0.2 e2e=67 obj=0.6
t=739 model=yolov8m_352x640 thermal=Fair level=1 lowpower=0 battery=full/100 mem=60 cam=30.9 proc=15.5 busy=0.0 pre=6.0 pred=37.1 post=0.4 draw=0.2 e2e=68 obj=0.4
t=740 model=yolov8m_352x640 thermal=Fair level=1 lowpower=0 battery=full/100 mem=60 cam=30.0 proc=15.0 busy=0.0 pre=5.6 pred=36.5 post=0.4 draw=0.2 e2e=66 obj=0.4
t=741 model=yolov8m_352x640 thermal=Fair level=1 lowpower=0 battery=full/100 mem=60 cam=28.8 proc=15.4 busy=0.0 pre=4.9 pred=41.3 post=0.4 draw=0.2 e2e=69 obj=0.8
t=742 model=yolov8m_352x640 thermal=Fair level=1 lowpower=0 battery=full/100 mem=60 cam=30.9 proc=15.5 busy=0.0 pre=4.7 pred=39.9 post=0.4 draw=0.3 e2e=68 obj=0.9
t=743 model=yolov8m_352x640 thermal=Fair level=1 lowpower=0 battery=full/100 mem=60 cam=30.1 proc=15.1 busy=0.0 pre=6.0 pred=36.9 post=0.4 draw=0.1 e2e=67 obj=0.4
t=744 model=yolov8m_352x640 thermal=Fair level=1 lowpower=0 battery=full/100 mem=60 cam=30.5 proc=17.1 busy=0.0 pre=5.5 pred=38.4 post=0.4 draw=0.2 e2e=68 obj=0.9
t=745 model=yolov8m_352x640 thermal=Fair level=1 lowpower=0 battery=full/100 mem=60 cam=30.8 proc=15.4 busy=0.0 pre=6.2 pred=41.2 post=0.4 draw=0.3 e2e=72 obj=0.9
t=746 model=yolov8m_352x640 thermal=Fair level=1 lowpower=0 battery=full/100 mem=60 cam=30.2 proc=15.0 busy=0.0 pre=7.7 pred=33.5 post=0.4 draw=0.2 e2e=66 obj=0.6
t=747 model=yolov8m_352x640 thermal=Fair level=1 lowpower=0 battery=full/100 mem=60 cam=29.9 proc=13.9 busy=0.0 pre=8.5 pred=30.7 post=0.4 draw=0.1 e2e=65 obj=0.3
t=748 model=yolov8m_352x640 thermal=Fair level=1 lowpower=0 battery=full/100 mem=60 cam=30.0 proc=16.0 busy=0.0 pre=7.0 pred=31.0 post=0.4 draw=0.3 e2e=64 obj=0.6
t=749 model=yolov8m_352x640 thermal=Fair level=1 lowpower=0 battery=full/100 mem=60 cam=30.5 proc=15.3 busy=0.0 pre=6.5 pred=35.6 post=0.4 draw=0.2 e2e=68 obj=0.6
t=750 model=yolov8m_352x640 thermal=Fair level=1 lowpower=0 battery=full/100 mem=60 cam=29.2 proc=15.5 busy=0.0 pre=7.2 pred=30.9 post=0.4 draw=0.2 e2e=64 obj=0.5
t=751 model=yolov8m_352x640 thermal=Fair level=1 lowpower=0 battery=full/100 mem=60 cam=29.6 proc=15.8 busy=0.0 pre=7.2 pred=34.5 post=0.4 draw=0.2 e2e=67 obj=0.6
t=752 model=yolov8m_352x640 thermal=Fair level=1 lowpower=0 battery=full/100 mem=60 cam=30.8 proc=15.4 busy=0.0 pre=6.0 pred=31.3 post=0.4 draw=0.2 e2e=63 obj=0.6
t=754 model=yolov8m_352x640 thermal=Fair level=1 lowpower=0 battery=full/100 mem=60 cam=30.9 proc=15.4 busy=0.0 pre=5.7 pred=33.3 post=0.4 draw=0.2 e2e=64 obj=0.5
t=755 model=yolov8m_352x640 thermal=Fair level=1 lowpower=0 battery=full/100 mem=60 cam=29.3 proc=15.6 busy=0.0 pre=5.6 pred=31.2 post=0.4 draw=0.1 e2e=63 obj=0.2
t=756 model=yolov8m_352x640 thermal=Fair level=1 lowpower=0 battery=full/100 mem=63 cam=29.7 proc=15.0 busy=0.0 pre=8.2 pred=30.5 post=0.4 draw=0.1 e2e=65 obj=0.4
t=757 model=yolov8m_352x640 thermal=Fair level=1 lowpower=0 battery=full/100 mem=60 cam=30.0 proc=15.0 busy=0.0 pre=5.6 pred=34.6 post=0.4 draw=0.2 e2e=66 obj=0.4
t=758 model=yolov8m_352x640 thermal=Fair level=1 lowpower=0 battery=full/100 mem=60 cam=30.0 proc=15.0 busy=0.0 pre=5.2 pred=38.3 post=0.4 draw=0.2 e2e=67 obj=0.4
t=759 model=yolov8m_352x640 thermal=Fair level=1 lowpower=0 battery=full/100 mem=60 cam=29.7 proc=17.8 busy=0.0 pre=6.3 pred=36.0 post=0.4 draw=0.3 e2e=67 obj=0.8
t=760 model=yolov8m_352x640 thermal=Fair level=1 lowpower=0 battery=full/100 mem=60 cam=29.3 proc=15.6 busy=0.0 pre=6.8 pred=30.9 post=0.4 draw=0.2 e2e=64 obj=0.5
t=761 model=yolov8m_352x640 thermal=Fair level=1 lowpower=0 battery=full/100 mem=60 cam=29.8 proc=15.8 busy=0.0 pre=6.5 pred=35.2 post=0.4 draw=0.3 e2e=67 obj=0.8
t=762 model=yolov8m_352x640 thermal=Fair level=1 lowpower=0 battery=full/100 mem=60 cam=29.9 proc=13.8 busy=0.0 pre=6.4 pred=35.9 post=0.4 draw=0.2 e2e=68 obj=0.6
t=763 model=yolov8m_352x640 thermal=Fair level=1 lowpower=0 battery=full/100 mem=60 cam=29.9 proc=15.0 busy=0.0 pre=6.4 pred=34.8 post=0.4 draw=0.1 e2e=66 obj=0.4
t=764 model=yolov8m_352x640 thermal=Fair level=1 lowpower=0 battery=full/100 mem=60 cam=29.9 proc=15.0 busy=0.0 pre=7.9 pred=30.8 post=0.4 draw=0.2 e2e=65 obj=0.4
t=765 model=yolov8m_352x640 thermal=Fair level=1 lowpower=0 battery=full/100 mem=60 cam=30.0 proc=14.0 busy=0.0 pre=6.0 pred=38.0 post=0.4 draw=0.2 e2e=69 obj=0.4
t=766 model=yolov8m_352x640 thermal=Fair level=1 lowpower=0 battery=full/100 mem=60 cam=30.3 proc=15.1 busy=0.0 pre=7.8 pred=31.0 post=0.4 draw=0.2 e2e=66 obj=0.5
t=767 model=yolov8m_352x640 thermal=Fair level=1 lowpower=0 battery=full/100 mem=60 cam=30.3 proc=15.1 busy=0.0 pre=6.7 pred=34.0 post=0.4 draw=0.3 e2e=67 obj=0.8
t=768 model=yolov8m_352x640 thermal=Fair level=1 lowpower=0 battery=full/100 mem=60 cam=29.9 proc=15.1 busy=0.0 pre=8.2 pred=31.0 post=0.4 draw=0.2 e2e=66 obj=0.5
t=769 model=yolov8m_352x640 thermal=Fair level=1 lowpower=0 battery=full/100 mem=60 cam=29.4 proc=13.7 busy=0.0 pre=8.0 pred=31.8 post=0.4 draw=0.2 e2e=66 obj=0.6
t=770 model=yolov8m_352x640 thermal=Fair level=1 lowpower=0 battery=full/100 mem=60 cam=30.8 proc=15.4 busy=0.0 pre=7.1 pred=32.8 post=0.4 draw=0.2 e2e=65 obj=0.5
t=771 model=yolov8m_352x640 thermal=Fair level=1 lowpower=0 battery=full/100 mem=60 cam=30.0 proc=15.0 busy=0.0 pre=7.2 pred=30.5 post=0.4 draw=0.1 e2e=64 obj=0.2
t=772 model=yolov8m_352x640 thermal=Fair level=1 lowpower=0 battery=full/100 mem=60 cam=29.0 proc=15.4 busy=0.0 pre=6.2 pred=34.8 post=0.4 draw=0.0 e2e=66 obj=0.1
t=773 model=yolov8m_352x640 thermal=Fair level=1 lowpower=0 battery=full/100 mem=60 cam=29.7 proc=15.8 busy=0.0 pre=7.2 pred=30.6 post=0.4 draw=0.1 e2e=65 obj=0.2
t=774 model=yolov8m_352x640 thermal=Fair level=1 lowpower=0 battery=full/100 mem=60 cam=30.0 proc=15.0 busy=0.0 pre=7.9 pred=35.7 post=0.5 draw=0.2 e2e=68 obj=0.6
t=775 model=yolov8m_352x640 thermal=Fair level=1 lowpower=0 battery=full/100 mem=60 cam=30.0 proc=15.0 busy=0.0 pre=7.6 pred=30.8 post=0.4 draw=0.2 e2e=64 obj=0.4
t=776 model=yolov8m_352x640 thermal=Fair level=1 lowpower=0 battery=full/100 mem=60 cam=30.1 proc=15.4 busy=0.0 pre=8.1 pred=30.0 post=0.4 draw=0.1 e2e=65 obj=0.4
t=777 model=yolov8m_352x640 thermal=Fair level=1 lowpower=0 battery=full/100 mem=60 cam=30.2 proc=15.3 busy=0.0 pre=8.7 pred=30.8 post=0.4 draw=0.2 e2e=65 obj=0.6
t=778 model=yolov8m_352x640 thermal=Fair level=1 lowpower=0 battery=full/100 mem=60 cam=29.9 proc=15.2 busy=0.0 pre=7.5 pred=31.1 post=0.4 draw=0.2 e2e=63 obj=0.8
t=779 model=yolov8m_352x640 thermal=Fair level=1 lowpower=0 battery=full/100 mem=60 cam=31.6 proc=13.5 busy=0.0 pre=6.3 pred=35.1 post=0.4 draw=0.1 e2e=66 obj=0.4
t=780 model=yolov8m_352x640 thermal=Fair level=1 lowpower=0 battery=full/100 mem=60 cam=31.2 proc=15.0 busy=0.0 pre=7.7 pred=31.3 post=0.4 draw=0.2 e2e=65 obj=0.6
t=781 model=yolov8m_352x640 thermal=Fair level=1 lowpower=0 battery=full/100 mem=60 cam=29.7 proc=13.9 busy=0.0 pre=8.2 pred=30.4 post=0.4 draw=0.2 e2e=65 obj=0.4
t=782 model=yolov8m_352x640 thermal=Fair level=1 lowpower=0 battery=full/100 mem=60 cam=30.4 proc=14.8 busy=0.0 pre=5.8 pred=37.1 post=0.4 draw=0.2 e2e=67 obj=0.4
t=783 model=yolov8m_352x640 thermal=Fair level=1 lowpower=0 battery=full/100 mem=60 cam=30.0 proc=16.0 busy=0.0 pre=8.1 pred=30.6 post=0.4 draw=0.1 e2e=65 obj=0.1
t=784 model=yolov8m_352x640 thermal=Fair level=1 lowpower=0 battery=full/100 mem=60 cam=32.0 proc=15.0 busy=0.0 pre=5.0 pred=41.3 post=0.4 draw=0.2 e2e=71 obj=0.6
t=785 model=yolov8m_352x640 thermal=Fair level=1 lowpower=0 battery=full/100 mem=60 cam=29.1 proc=13.7 busy=0.0 pre=8.7 pred=30.6 post=0.4 draw=0.2 e2e=65 obj=0.4
t=786 model=yolov8m_352x640 thermal=Fair level=1 lowpower=0 battery=full/100 mem=60 cam=29.9 proc=15.0 busy=0.0 pre=5.6 pred=37.6 post=0.4 draw=0.1 e2e=68 obj=0.2
t=787 model=yolov8m_352x640 thermal=Fair level=1 lowpower=0 battery=full/100 mem=60 cam=30.0 proc=15.3 busy=0.0 pre=5.9 pred=41.0 post=0.4 draw=0.2 e2e=71 obj=0.4
t=788 model=yolov8m_352x640 thermal=Fair level=1 lowpower=0 battery=full/100 mem=60 cam=29.8 proc=13.9 busy=0.0 pre=7.1 pred=34.2 post=0.4 draw=0.2 e2e=66 obj=0.6
t=789 model=yolov8m_352x640 thermal=Fair level=1 lowpower=0 battery=full/100 mem=60 cam=31.4 proc=15.5 busy=0.0 pre=6.0 pred=40.4 post=0.4 draw=0.1 e2e=70 obj=0.4
t=790 model=yolov8m_352x640 thermal=Fair level=1 lowpower=0 battery=full/100 mem=60 cam=29.8 proc=15.3 busy=0.0 pre=8.9 pred=30.3 post=0.4 draw=0.1 e2e=65 obj=0.2
t=791 model=yolov8m_352x640 thermal=Fair level=1 lowpower=0 battery=full/100 mem=60 cam=30.7 proc=15.8 busy=0.0 pre=6.7 pred=31.0 post=0.4 draw=0.3 e2e=64 obj=0.9
t=792 model=yolov8m_352x640 thermal=Fair level=1 lowpower=0 battery=full/100 mem=61 cam=28.9 proc=15.5 busy=0.0 pre=6.6 pred=37.7 post=0.4 draw=0.3 e2e=70 obj=0.9
t=793 model=yolov8m_352x640 thermal=Fair level=1 lowpower=0 battery=full/100 mem=60 cam=29.0 proc=15.2 busy=0.0 pre=6.4 pred=34.5 post=0.4 draw=0.2 e2e=66 obj=0.5
t=794 model=yolov8m_352x640 thermal=Fair level=1 lowpower=0 battery=full/100 mem=60 cam=30.0 proc=13.8 busy=0.0 pre=7.0 pred=30.8 post=0.4 draw=0.2 e2e=64 obj=0.6
t=795 model=yolov8m_352x640 thermal=Fair level=1 lowpower=0 battery=full/100 mem=60 cam=30.0 proc=14.0 busy=0.0 pre=6.7 pred=30.7 post=0.4 draw=0.3 e2e=64 obj=0.7
t=796 model=yolov8m_352x640 thermal=Fair level=1 lowpower=0 battery=full/100 mem=60 cam=30.2 proc=15.1 busy=0.0 pre=6.8 pred=33.4 post=0.4 draw=0.1 e2e=66 obj=0.2
t=797 model=yolov8m_352x640 thermal=Fair level=1 lowpower=0 battery=full/100 mem=60 cam=30.0 proc=15.1 busy=0.0 pre=7.4 pred=31.0 post=0.4 draw=0.1 e2e=65 obj=0.2
t=798 model=yolov8m_352x640 thermal=Fair level=1 lowpower=0 battery=full/100 mem=60 cam=30.6 proc=15.4 busy=0.0 pre=6.3 pred=35.0 post=0.4 draw=0.1 e2e=68 obj=0.5
t=799 model=yolov8m_352x640 thermal=Fair level=1 lowpower=0 battery=full/100 mem=60 cam=30.1 proc=15.3 busy=0.0 pre=7.3 pred=30.9 post=0.4 draw=0.1 e2e=64 obj=0.1
t=800 model=yolov8m_352x640 thermal=Fair level=1 lowpower=0 battery=full/100 mem=61 cam=30.0 proc=15.4 busy=0.0 pre=6.1 pred=32.7 post=0.4 draw=0.2 e2e=65 obj=0.6
t=801 model=yolov8m_352x640 thermal=Fair level=1 lowpower=0 battery=full/100 mem=60 cam=31.1 proc=15.5 busy=0.0 pre=6.6 pred=31.2 post=0.4 draw=0.3 e2e=64 obj=0.8
t=802 model=yolov8m_352x640 thermal=Fair level=1 lowpower=0 battery=full/100 mem=60 cam=30.0 proc=15.9 busy=0.0 pre=7.0 pred=31.1 post=0.4 draw=0.2 e2e=65 obj=0.5
t=803 model=yolov8m_352x640 thermal=Fair level=1 lowpower=0 battery=full/100 mem=60 cam=30.0 proc=15.9 busy=0.0 pre=8.7 pred=30.4 post=0.4 draw=0.2 e2e=64 obj=0.5
t=804 model=yolov8m_352x640 thermal=Fair level=1 lowpower=0 battery=full/100 mem=60 cam=30.8 proc=15.4 busy=0.0 pre=6.2 pred=31.4 post=0.4 draw=0.2 e2e=63 obj=0.6
t=806 model=yolov8m_352x640 thermal=Fair level=1 lowpower=0 battery=full/100 mem=60 cam=30.0 proc=14.0 busy=0.0 pre=7.2 pred=30.6 post=0.4 draw=0.1 e2e=65 obj=0.3
t=807 model=yolov8m_352x640 thermal=Fair level=1 lowpower=0 battery=full/100 mem=60 cam=29.7 proc=15.9 busy=0.0 pre=7.2 pred=34.6 post=0.4 draw=0.1 e2e=68 obj=0.2
t=808 model=yolov8m_352x640 thermal=Fair level=1 lowpower=0 battery=full/100 mem=60 cam=29.9 proc=16.0 busy=0.0 pre=8.3 pred=30.8 post=0.4 draw=0.2 e2e=66 obj=0.5
t=809 model=yolov8m_352x640 thermal=Fair level=1 lowpower=0 battery=full/100 mem=60 cam=29.5 proc=15.8 busy=0.0 pre=6.3 pred=34.2 post=0.4 draw=0.2 e2e=66 obj=0.5
t=810 model=yolov8m_352x640 thermal=Fair level=1 lowpower=0 battery=full/100 mem=60 cam=30.8 proc=15.4 busy=0.0 pre=7.8 pred=30.9 post=0.4 draw=0.1 e2e=65 obj=0.2
t=811 model=yolov8m_352x640 thermal=Fair level=1 lowpower=0 battery=full/100 mem=60 cam=31.4 proc=13.7 busy=0.0 pre=7.3 pred=30.7 post=0.4 draw=0.3 e2e=64 obj=1.0
t=812 model=yolov8m_352x640 thermal=Fair level=1 lowpower=0 battery=full/100 mem=60 cam=29.6 proc=15.8 busy=0.0 pre=6.0 pred=35.0 post=0.4 draw=0.0 e2e=66 obj=0.0
t=813 model=yolov8m_352x640 thermal=Fair level=1 lowpower=0 battery=full/100 mem=60 cam=29.1 proc=15.6 busy=0.0 pre=7.3 pred=30.9 post=0.4 draw=0.1 e2e=64 obj=0.2
t=814 model=yolov8m_352x640 thermal=Fair level=1 lowpower=0 battery=full/100 mem=60 cam=29.7 proc=15.8 busy=0.0 pre=8.0 pred=31.0 post=0.4 draw=0.2 e2e=66 obj=0.6
t=815 model=yolov8m_352x640 thermal=Fair level=1 lowpower=0 battery=full/100 mem=60 cam=31.5 proc=15.7 busy=0.0 pre=9.2 pred=30.7 post=0.4 draw=0.2 e2e=66 obj=0.6
t=816 model=yolov8m_352x640 thermal=Fair level=1 lowpower=0 battery=full/100 mem=60 cam=30.0 proc=15.0 busy=0.0 pre=8.1 pred=30.9 post=0.4 draw=0.2 e2e=66 obj=0.6
t=817 model=yolov8m_352x640 thermal=Fair level=1 lowpower=0 battery=full/100 mem=60 cam=30.0 proc=15.0 busy=0.0 pre=8.1 pred=30.4 post=0.4 draw=0.2 e2e=65 obj=0.5
t=818 model=yolov8m_352x640 thermal=Fair level=1 lowpower=0 battery=full/100 mem=60 cam=28.6 proc=15.2 busy=0.0 pre=7.2 pred=30.9 post=0.4 draw=0.2 e2e=65 obj=0.5
t=819 model=yolov8m_352x640 thermal=Fair level=1 lowpower=0 battery=full/100 mem=60 cam=29.7 proc=15.9 busy=0.0 pre=8.1 pred=31.5 post=0.4 draw=0.4 e2e=67 obj=0.9
t=820 model=yolov8m_352x640 thermal=Fair level=1 lowpower=0 battery=full/100 mem=60 cam=30.8 proc=15.4 busy=0.0 pre=8.4 pred=32.6 post=0.4 draw=0.2 e2e=66 obj=0.6
t=821 model=yolov8m_352x640 thermal=Fair level=1 lowpower=0 battery=full/100 mem=60 cam=30.7 proc=15.3 busy=0.0 pre=7.9 pred=35.8 post=0.4 draw=0.2 e2e=68 obj=0.6
t=822 model=yolov8m_352x640 thermal=Fair level=1 lowpower=0 battery=full/100 mem=60 cam=29.9 proc=15.2 busy=0.0 pre=5.7 pred=39.8 post=0.4 draw=0.2 e2e=69 obj=0.5
t=823 model=yolov8m_352x640 thermal=Fair level=1 lowpower=0 battery=full/100 mem=60 cam=30.0 proc=15.0 busy=0.0 pre=8.1 pred=30.6 post=0.4 draw=0.1 e2e=65 obj=0.4
t=824 model=yolov8m_352x640 thermal=Fair level=1 lowpower=0 battery=full/100 mem=60 cam=31.1 proc=15.7 busy=0.0 pre=6.5 pred=38.0 post=0.4 draw=0.3 e2e=69 obj=1.0
t=825 model=yolov8m_352x640 thermal=Fair level=1 lowpower=0 battery=full/100 mem=60 cam=29.9 proc=15.9 busy=0.0 pre=4.6 pred=41.1 post=0.5 draw=0.2 e2e=68 obj=0.6
t=826 model=yolov8m_352x640 thermal=Fair level=1 lowpower=0 battery=full/100 mem=60 cam=31.1 proc=15.5 busy=0.0 pre=4.8 pred=41.8 post=0.3 draw=0.1 e2e=71 obj=0.2
t=827 model=yolov8m_352x640 thermal=Fair level=1 lowpower=0 battery=full/100 mem=60 cam=29.9 proc=15.9 busy=0.0 pre=5.7 pred=38.2 post=0.4 draw=0.2 e2e=69 obj=0.5
t=828 model=yolov8m_352x640 thermal=Fair level=1 lowpower=0 battery=full/100 mem=60 cam=30.0 proc=15.0 busy=0.0 pre=6.4 pred=36.3 post=0.4 draw=0.2 e2e=68 obj=0.6
t=829 model=yolov8m_352x640 thermal=Fair level=1 lowpower=0 battery=full/100 mem=60 cam=31.8 proc=17.8 busy=0.0 pre=5.2 pred=41.0 post=0.4 draw=0.2 e2e=71 obj=0.7
t=830 model=yolov8m_352x640 thermal=Fair level=1 lowpower=0 battery=full/100 mem=60 cam=29.0 proc=13.9 busy=0.0 pre=8.1 pred=34.3 post=0.4 draw=0.2 e2e=68 obj=0.4
t=831 model=yolov8m_352x640 thermal=Fair level=1 lowpower=0 battery=full/100 mem=60 cam=29.1 proc=15.5 busy=0.0 pre=6.3 pred=34.7 post=0.5 draw=0.1 e2e=65 obj=0.2
t=832 model=yolov8m_352x640 thermal=Fair level=1 lowpower=0 battery=full/100 mem=60 cam=30.3 proc=15.2 busy=0.0 pre=7.2 pred=33.5 post=0.4 draw=0.2 e2e=66 obj=0.6
t=833 model=yolov8m_352x640 thermal=Fair level=1 lowpower=0 battery=full/100 mem=60 cam=30.0 proc=15.0 busy=0.0 pre=8.0 pred=33.9 post=0.4 draw=0.2 e2e=67 obj=0.8
t=834 model=yolov8m_352x640 thermal=Fair level=1 lowpower=0 battery=full/100 mem=61 cam=29.5 proc=15.7 busy=0.0 pre=4.1 pred=38.1 post=0.4 draw=0.2 e2e=65 obj=0.8
t=835 model=yolov8m_352x640 thermal=Fair level=1 lowpower=0 battery=full/100 mem=60 cam=30.7 proc=15.3 busy=0.0 pre=7.8 pred=34.6 post=0.4 draw=0.1 e2e=68 obj=0.4
t=836 model=yolov8m_352x640 thermal=Fair level=1 lowpower=0 battery=full/100 mem=60 cam=29.5 proc=15.8 busy=0.0 pre=8.0 pred=31.3 post=0.4 draw=0.2 e2e=66 obj=0.5
t=837 model=yolov8m_352x640 thermal=Fair level=1 lowpower=0 battery=full/100 mem=60 cam=29.3 proc=15.6 busy=0.0 pre=6.6 pred=33.6 post=0.4 draw=0.2 e2e=66 obj=0.6
t=838 model=yolov8m_352x640 thermal=Fair level=1 lowpower=0 battery=full/100 mem=60 cam=30.0 proc=15.0 busy=0.0 pre=8.0 pred=30.8 post=0.4 draw=0.1 e2e=65 obj=0.1
t=839 model=yolov8m_352x640 thermal=Fair level=1 lowpower=0 battery=full/100 mem=60 cam=29.6 proc=13.8 busy=0.0 pre=6.9 pred=31.1 post=0.4 draw=0.2 e2e=64 obj=0.6
t=840 model=yolov8m_352x640 thermal=Fair level=1 lowpower=0 battery=full/100 mem=60 cam=29.2 proc=15.6 busy=0.0 pre=7.1 pred=33.7 post=0.4 draw=0.1 e2e=67 obj=0.2
t=841 model=yolov8m_352x640 thermal=Fair level=1 lowpower=0 battery=full/100 mem=60 cam=29.9 proc=16.0 busy=0.0 pre=6.7 pred=31.6 post=0.4 draw=0.2 e2e=65 obj=0.9
t=842 model=yolov8m_352x640 thermal=Fair level=1 lowpower=0 battery=full/100 mem=60 cam=30.0 proc=15.0 busy=0.0 pre=7.2 pred=30.9 post=0.4 draw=0.0 e2e=64 obj=0.0
t=843 model=yolov8m_352x640 thermal=Fair level=1 lowpower=0 battery=full/100 mem=60 cam=31.2 proc=13.7 busy=0.0 pre=8.0 pred=30.8 post=0.4 draw=0.3 e2e=65 obj=0.9
t=844 model=yolov8m_352x640 thermal=Fair level=1 lowpower=0 battery=full/100 mem=60 cam=30.1 proc=15.1 busy=0.0 pre=6.8 pred=31.2 post=0.4 draw=0.2 e2e=64 obj=0.6
t=845 model=yolov8m_352x640 thermal=Fair level=1 lowpower=0 battery=full/100 mem=60 cam=30.0 proc=15.0 busy=0.0 pre=8.8 pred=31.0 post=0.4 draw=0.2 e2e=66 obj=0.6
t=846 model=yolov8m_352x640 thermal=Fair level=1 lowpower=0 battery=full/100 mem=60 cam=29.9 proc=15.0 busy=0.0 pre=8.2 pred=31.1 post=0.4 draw=0.2 e2e=66 obj=0.6
t=848 model=yolov8m_352x640 thermal=Fair level=1 lowpower=0 battery=full/100 mem=60 cam=29.8 proc=14.0 busy=0.0 pre=7.9 pred=30.4 post=0.4 draw=0.2 e2e=64 obj=0.6
t=849 model=yolov8m_352x640 thermal=Fair level=1 lowpower=0 battery=full/100 mem=60 cam=29.8 proc=15.9 busy=0.0 pre=7.3 pred=30.7 post=0.4 draw=0.2 e2e=65 obj=0.8
t=850 model=yolov8m_352x640 thermal=Fair level=1 lowpower=0 battery=full/100 mem=60 cam=29.9 proc=15.9 busy=0.0 pre=6.8 pred=31.2 post=0.4 draw=0.2 e2e=65 obj=0.5
t=851 model=yolov8m_352x640 thermal=Fair level=1 lowpower=0 battery=full/100 mem=60 cam=29.8 proc=13.9 busy=0.0 pre=7.5 pred=30.9 post=0.4 draw=0.3 e2e=65 obj=0.9
t=852 model=yolov8m_352x640 thermal=Fair level=1 lowpower=0 battery=full/100 mem=60 cam=29.1 proc=15.6 busy=0.0 pre=6.1 pred=31.3 post=0.4 draw=0.2 e2e=64 obj=0.4
t=853 model=yolov8m_352x640 thermal=Fair level=1 lowpower=0 battery=full/100 mem=60 cam=30.0 proc=15.0 busy=0.0 pre=8.6 pred=31.0 post=0.4 draw=0.1 e2e=66 obj=0.5
t=854 model=yolov8m_352x640 thermal=Fair level=1 lowpower=0 battery=full/100 mem=60 cam=31.1 proc=13.6 busy=0.0 pre=8.2 pred=30.9 post=0.4 draw=0.1 e2e=65 obj=0.3
t=855 model=yolov8m_352x640 thermal=Fair level=1 lowpower=0 battery=full/100 mem=60 cam=30.0 proc=13.9 busy=0.0 pre=7.5 pred=31.1 post=0.4 draw=0.2 e2e=65 obj=0.6
t=856 model=yolov8m_352x640 thermal=Fair level=1 lowpower=0 battery=full/100 mem=60 cam=29.7 proc=15.9 busy=0.0 pre=6.6 pred=31.0 post=0.4 draw=0.1 e2e=63 obj=0.2
t=857 model=yolov8m_352x640 thermal=Fair level=1 lowpower=0 battery=full/100 mem=60 cam=30.0 proc=14.0 busy=0.0 pre=8.0 pred=31.2 post=0.5 draw=0.2 e2e=65 obj=0.4
t=858 model=yolov8m_352x640 thermal=Fair level=1 lowpower=0 battery=full/100 mem=60 cam=30.2 proc=15.1 busy=0.0 pre=7.9 pred=30.7 post=0.4 draw=0.2 e2e=65 obj=0.4
t=859 model=yolov8m_352x640 thermal=Fair level=1 lowpower=0 battery=full/100 mem=60 cam=30.5 proc=15.3 busy=0.0 pre=8.3 pred=30.6 post=0.4 draw=0.1 e2e=66 obj=0.2
t=860 model=yolov8m_352x640 thermal=Serious level=1 lowpower=0 battery=full/100 mem=60 cam=30.1 proc=15.1 busy=0.0 pre=5.8 pred=38.5 post=0.4 draw=0.3 e2e=69 obj=0.8
t=861 model=yolov8m_352x640 thermal=Serious level=2 lowpower=0 battery=full/100 mem=60 cam=29.9 proc=10.0 busy=0.0 pre=9.0 pred=30.4 post=0.4 draw=0.2 e2e=65 obj=0.4
t=862 model=yolov8m_352x640 thermal=Serious level=2 lowpower=0 battery=full/100 mem=60 cam=30.1 proc=10.0 busy=0.0 pre=9.5 pred=29.7 post=0.4 draw=0.3 e2e=65 obj=1.0
t=863 model=yolov8m_352x640 thermal=Serious level=2 lowpower=0 battery=full/100 mem=60 cam=29.4 proc=9.8 busy=0.0 pre=9.9 pred=30.8 post=0.4 draw=0.2 e2e=66 obj=0.4
t=864 model=yolov8m_352x640 thermal=Serious level=2 lowpower=0 battery=full/100 mem=60 cam=30.4 proc=9.5 busy=0.0 pre=9.1 pred=29.9 post=0.4 draw=0.2 e2e=64 obj=0.6
t=865 model=yolov8m_352x640 thermal=Serious level=2 lowpower=0 battery=full/100 mem=60 cam=28.1 proc=11.2 busy=0.0 pre=5.0 pred=46.2 post=0.4 draw=0.2 e2e=77 obj=0.5
t=866 model=yolov8m_352x640 thermal=Serious level=2 lowpower=0 battery=full/100 mem=60 cam=29.6 proc=9.9 busy=0.0 pre=7.6 pred=31.2 post=0.4 draw=0.2 e2e=64 obj=0.4
t=867 model=yolov8m_352x640 thermal=Serious level=2 lowpower=0 battery=full/100 mem=60 cam=31.2 proc=9.8 busy=0.0 pre=7.8 pred=30.2 post=0.4 draw=0.2 e2e=63 obj=0.4
t=868 model=yolov8m_352x640 thermal=Serious level=2 lowpower=0 battery=full/100 mem=60 cam=30.0 proc=11.2 busy=0.0 pre=8.4 pred=31.8 post=0.4 draw=0.2 e2e=66 obj=0.5
t=869 model=yolov8m_352x640 thermal=Serious level=2 lowpower=0 battery=full/100 mem=60 cam=30.0 proc=10.0 busy=0.0 pre=8.5 pred=31.0 post=0.4 draw=0.3 e2e=65 obj=1.0
t=870 model=yolov8m_352x640 thermal=Serious level=2 lowpower=0 battery=full/100 mem=60 cam=30.9 proc=9.6 busy=0.0 pre=9.0 pred=30.2 post=0.4 draw=0.2 e2e=64 obj=0.6
t=871 model=yolov8m_352x640 thermal=Serious level=2 lowpower=0 battery=full/100 mem=60 cam=30.0 proc=9.4 busy=0.0 pre=8.0 pred=31.4 post=0.4 draw=0.3 e2e=65 obj=0.6
t=872 model=yolov8m_352x640 thermal=Serious level=2 lowpower=0 battery=full/100 mem=60 cam=29.9 proc=10.0 busy=0.0 pre=2.7 pred=59.5 post=0.4 draw=0.1 e2e=87 obj=0.2
t=873 model=yolov8m_352x640 thermal=Serious level=2 lowpower=0 battery=full/100 mem=60 cam=29.5 proc=9.9 busy=0.0 pre=4.8 pred=45.9 post=0.4 draw=0.2 e2e=76 obj=0.6
t=874 model=yolov8m_352x640 thermal=Serious level=2 lowpower=0 battery=full/100 mem=60 cam=29.3 proc=11.7 busy=0.0 pre=3.3 pred=53.1 post=0.4 draw=0.1 e2e=81 obj=0.2
t=875 model=yolov8m_352x640 thermal=Serious level=2 lowpower=0 battery=full/100 mem=60 cam=31.1 proc=9.7 busy=0.0 pre=5.8 pred=48.4 post=0.5 draw=0.1 e2e=78 obj=0.2
t=876 model=yolov8m_352x640 thermal=Serious level=2 lowpower=0 battery=full/100 mem=60 cam=30.4 proc=10.0 busy=0.0 pre=2.5 pred=59.6 post=0.4 draw=0.3 e2e=88 obj=1.0
t=877 model=yolov8m_352x640 thermal=Serious level=2 lowpower=0 battery=full/100 mem=60 cam=28.1 proc=9.7 busy=0.0 pre=2.2 pred=60.3 post=0.4 draw=0.1 e2e=87 obj=0.4
t=878 model=yolov8m_352x640 thermal=Serious level=2 lowpower=0 battery=full/100 mem=60 cam=30.0 proc=10.0 busy=0.0 pre=2.2 pred=61.2 post=0.4 draw=0.3 e2e=87 obj=0.8
t=879 model=yolov8m_352x640 thermal=Serious level=2 lowpower=0 battery=full/100 mem=60 cam=29.8 proc=9.9 busy=0.0 pre=6.6 pred=32.1 post=0.6 draw=0.1 e2e=65 obj=0.2
t=880 model=yolov8m_352x640 thermal=Serious level=2 lowpower=0 battery=full/100 mem=60 cam=29.8 proc=10.0 busy=0.0 pre=7.8 pred=30.6 post=0.4 draw=0.2 e2e=63 obj=0.8
t=881 model=yolov8m_352x640 thermal=Serious level=2 lowpower=0 battery=full/100 mem=60 cam=30.0 proc=9.4 busy=0.0 pre=8.2 pred=31.0 post=0.4 draw=0.2 e2e=65 obj=0.4
t=882 model=yolov8m_352x640 thermal=Serious level=2 lowpower=0 battery=full/100 mem=60 cam=29.6 proc=9.5 busy=0.0 pre=6.5 pred=30.5 post=0.4 draw=0.3 e2e=62 obj=0.8
t=883 model=yolov8m_352x640 thermal=Serious level=2 lowpower=0 battery=full/100 mem=60 cam=29.8 proc=9.7 busy=0.0 pre=8.1 pred=30.5 post=0.4 draw=0.0 e2e=64 obj=0.2
t=884 model=yolov8m_352x640 thermal=Serious level=2 lowpower=0 battery=full/100 mem=60 cam=30.0 proc=9.8 busy=0.0 pre=6.8 pred=32.3 post=0.4 draw=0.1 e2e=64 obj=0.2
t=885 model=yolov8m_352x640 thermal=Serious level=2 lowpower=0 battery=full/100 mem=60 cam=30.5 proc=9.6 busy=0.0 pre=5.1 pred=49.3 post=0.3 draw=0.2 e2e=80 obj=0.8
t=886 model=yolov8m_352x640 thermal=Serious level=2 lowpower=0 battery=full/100 mem=60 cam=30.1 proc=11.2 busy=0.0 pre=2.7 pred=60.5 post=0.4 draw=0.1 e2e=88 obj=0.5
t=887 model=yolov8m_352x640 thermal=Serious level=2 lowpower=0 battery=full/100 mem=60 cam=29.3 proc=9.6 busy=0.0 pre=2.2 pred=61.2 post=0.3 draw=0.1 e2e=89 obj=0.2
t=888 model=yolov8m_352x640 thermal=Serious level=2 lowpower=0 battery=full/100 mem=60 cam=30.0 proc=11.3 busy=0.0 pre=6.9 pred=35.0 post=0.4 draw=0.1 e2e=68 obj=0.3
t=889 model=yolov8m_352x640 thermal=Serious level=2 lowpower=0 battery=full/100 mem=60 cam=30.0 proc=9.6 busy=0.0 pre=7.9 pred=33.7 post=0.4 draw=0.1 e2e=67 obj=0.4
t=890 model=yolov8m_352x640 thermal=Serious level=2 lowpower=0 battery=full/100 mem=60 cam=30.0 proc=9.5 busy=0.0 pre=7.0 pred=31.7 post=0.4 draw=0.0 e2e=63 obj=0.0
t=891 model=yolov8m_352x640 thermal=Serious level=2 lowpower=0 battery=full/100 mem=60 cam=29.9 proc=9.7 busy=0.0 pre=8.0 pred=31.5 post=0.4 draw=0.2 e2e=66 obj=0.6
t=892 model=yolov8m_352x640 thermal=Serious level=2 lowpower=0 battery=full/100 mem=60 cam=30.0 proc=9.9 busy=0.0 pre=7.2 pred=30.6 post=0.4 draw=0.1 e2e=64 obj=0.2
t=893 model=yolov8m_352x640 thermal=Serious level=2 lowpower=0 battery=full/100 mem=60 cam=30.4 proc=9.6 busy=0.0 pre=2.6 pred=58.8 post=0.3 draw=0.1 e2e=86 obj=0.2
t=894 model=yolov8m_352x640 thermal=Serious level=2 lowpower=0 battery=full/100 mem=60 cam=31.5 proc=9.4 busy=0.0 pre=2.8 pred=57.1 post=0.3 draw=0.0 e2e=83 obj=0.0
t=895 model=yolov8m_352x640 thermal=Serious level=2 lowpower=0 battery=full/100 mem=60 cam=30.2 proc=9.4 busy=0.0 pre=3.3 pred=58.8 post=0.4 draw=0.2 e2e=86 obj=0.6
t=896 model=yolov8m_352x640 thermal=Serious level=2 lowpower=0 battery=full/100 mem=60 cam=29.9 proc=9.8 busy=0.0 pre=8.0 pred=30.9 post=0.4 draw=0.1 e2e=64 obj=0.2
t=897 model=yolov8m_352x640 thermal=Serious level=2 lowpower=0 battery=full/100 mem=60 cam=30.5 proc=9.5 busy=0.0 pre=8.7 pred=30.5 post=0.4 draw=0.2 e2e=65 obj=0.8
t=898 model=yolov8m_352x640 thermal=Serious level=2 lowpower=0 battery=full/100 mem=60 cam=28.5 proc=11.4 busy=0.0 pre=8.7 pred=31.0 post=0.4 draw=0.2 e2e=66 obj=0.5
t=899 model=yolov8m_352x640 thermal=Serious level=2 lowpower=0 battery=full/100 mem=60 cam=29.4 proc=9.8 busy=0.0 pre=7.2 pred=30.5 post=0.4 draw=0.2 e2e=63 obj=0.4
t=901 model=yolov8m_352x640 thermal=Serious level=2 lowpower=0 battery=full/100 mem=60 cam=29.3 proc=9.8 busy=0.0 pre=5.2 pred=42.9 post=0.3 draw=0.0 e2e=68 obj=0.0
t=902 model=yolov8m_352x640 thermal=Serious level=2 lowpower=0 battery=full/100 mem=60 cam=31.4 proc=9.8 busy=0.0 pre=2.7 pred=60.9 post=0.4 draw=0.1 e2e=88 obj=0.4
t=903 model=yolov8m_352x640 thermal=Serious level=2 lowpower=0 battery=full/100 mem=60 cam=31.1 proc=9.7 busy=0.0 pre=2.3 pred=60.2 post=0.4 draw=0.2 e2e=87 obj=0.6
t=904 model=yolov8m_352x640 thermal=Serious level=2 lowpower=0 battery=full/100 mem=60 cam=30.0 proc=9.4 busy=0.0 pre=2.3 pred=59.9 post=0.3 draw=0.1 e2e=87 obj=0.2
t=905 model=yolov8m_352x640 thermal=Serious level=2 lowpower=0 battery=full/100 mem=60 cam=29.9 proc=10.0 busy=0.0 pre=7.2 pred=31.3 post=0.4 draw=0.1 e2e=64 obj=0.4
t=906 model=yolov8m_352x640 thermal=Serious level=2 lowpower=0 battery=full/100 mem=60 cam=29.3 proc=9.6 busy=0.0 pre=9.1 pred=31.8 post=0.4 draw=0.2 e2e=66 obj=0.8
t=907 model=yolov8m_352x640 thermal=Serious level=2 lowpower=0 battery=full/100 mem=60 cam=29.4 proc=9.8 busy=0.0 pre=6.5 pred=38.9 post=0.3 draw=0.0 e2e=68 obj=0.0
t=908 model=yolov8m_352x640 thermal=Serious level=2 lowpower=0 battery=full/100 mem=60 cam=30.0 proc=10.0 busy=0.0 pre=8.2 pred=31.4 post=0.4 draw=0.1 e2e=65 obj=0.2
t=909 model=yolov8m_352x640 thermal=Serious level=2 lowpower=0 battery=full/100 mem=60 cam=30.0 proc=11.2 busy=0.0 pre=8.0 pred=34.7 post=0.4 draw=0.2 e2e=67 obj=0.5
t=910 model=yolov8m_352x640 thermal=Serious level=2 lowpower=0 battery=full/100 mem=60 cam=29.4 proc=9.8 busy=0.0 pre=9.0 pred=30.4 post=0.4 draw=0.3 e2e=65 obj=0.8
t=911 model=yolov8m_352x640 thermal=Serious level=2 lowpower=0 battery=full/100 mem=60 cam=30.0 proc=10.0 busy=0.0 pre=7.6 pred=32.2 post=0.4 draw=0.2 e2e=65 obj=0.4
t=912 model=yolov8m_352x640 thermal=Serious level=2 lowpower=0 battery=full/100 mem=60 cam=29.7 proc=9.9 busy=0.0 pre=8.1 pred=30.5 post=0.4 draw=0.2 e2e=64 obj=0.6
t=913 model=yolov8m_352x640 thermal=Serious level=2 lowpower=0 battery=full/100 mem=60 cam=30.2 proc=9.4 busy=0.0 pre=8.3 pred=31.2 post=0.4 draw=0.2 e2e=65 obj=0.4
t=914 model=yolov8m_352x640 thermal=Serious level=2 lowpower=0 battery=full/100 mem=60 cam=29.9 proc=10.0 busy=0.0 pre=8.6 pred=30.9 post=0.4 draw=0.2 e2e=65 obj=0.4
t=915 model=yolov8m_352x640 thermal=Serious level=2 lowpower=0 battery=full/100 mem=60 cam=30.3 proc=9.5 busy=0.0 pre=9.9 pred=32.0 post=0.4 draw=0.1 e2e=67 obj=0.2
t=916 model=yolov8m_352x640 thermal=Serious level=2 lowpower=0 battery=full/100 mem=60 cam=28.5 proc=11.4 busy=0.0 pre=8.8 pred=31.1 post=0.4 draw=0.1 e2e=65 obj=0.5
t=917 model=yolov8m_352x640 thermal=Serious level=2 lowpower=0 battery=full/100 mem=60 cam=29.4 proc=9.3 busy=0.0 pre=8.7 pred=31.0 post=0.4 draw=0.2 e2e=65 obj=0.4
t=918 model=yolov8m_352x640 thermal=Serious level=2 lowpower=0 battery=full/100 mem=60 cam=29.9 proc=10.0 busy=0.0 pre=2.7 pred=59.2 post=0.3 draw=0.1 e2e=87 obj=0.2
t=919 model=yolov8m_352x640 thermal=Serious level=2 lowpower=0 battery=full/100 mem=60 cam=31.0 proc=9.7 busy=0.0 pre=8.9 pred=31.1 post=0.4 draw=0.2 e2e=65 obj=0.4
t=920 model=yolov8m_352x640 thermal=Serious level=2 lowpower=0 battery=full/100 mem=60 cam=28.8 proc=11.5 busy=0.0 pre=7.1 pred=31.2 post=0.4 draw=0.2 e2e=63 obj=0.5
t=921 model=yolov8m_352x640 thermal=Serious level=2 lowpower=0 battery=full/100 mem=60 cam=29.9 proc=10.0 busy=0.0 pre=7.2 pred=30.8 post=0.4 draw=0.3 e2e=63 obj=1.0
t=922 model=yolov8m_352x640 thermal=Serious level=2 lowpower=0 battery=full/100 mem=60 cam=29.8 proc=10.0 busy=0.0 pre=2.2 pred=59.0 post=0.4 draw=0.0 e2e=86 obj=0.0
t=923 model=yolov8m_352x640 thermal=Serious level=2 lowpower=0 battery=full/100 mem=60 cam=29.7 proc=9.9 busy=0.0 pre=2.5 pred=60.6 post=0.4 draw=0.2 e2e=88 obj=0.8
t=924 model=yolov8m_352x640 thermal=Serious level=2 lowpower=0 battery=full/100 mem=60 cam=29.0 proc=9.7 busy=0.0 pre=2.2 pred=60.9 post=0.3 draw=0.1 e2e=88 obj=0.2
t=925 model=yolov8m_352x640 thermal=Serious level=2 lowpower=0 battery=full/100 mem=60 cam=29.3 proc=11.7 busy=0.0 pre=2.2 pred=60.4 post=0.3 draw=0.2 e2e=88 obj=0.5
t=926 model=yolov8m_352x640 thermal=Serious level=2 lowpower=0 battery=full/100 mem=60 cam=30.3 proc=9.5 busy=0.0 pre=7.9 pred=30.8 post=0.4 draw=0.2 e2e=64 obj=0.4
t=927 model=yolov8m_352x640 thermal=Serious level=2 lowpower=0 battery=full/100 mem=60 cam=29.4 proc=9.8 busy=0.0 pre=8.3 pred=33.3 post=0.6 draw=0.2 e2e=66 obj=0.6
t=928 model=yolov8m_352x640 thermal=Serious level=2 lowpower=0 battery=full/100 mem=60 cam=28.8 proc=9.6 busy=0.0 pre=7.4 pred=30.7 post=0.4 draw=0.1 e2e=63 obj=0.2
t=929 model=yolov8m_352x640 thermal=Serious level=2 lowpower=0 battery=full/100 mem=60 cam=29.8 proc=9.9 busy=0.0 pre=5.7 pred=46.5 post=0.4 draw=0.3 e2e=78 obj=0.8
t=930 model=yolov8m_352x640 thermal=Serious level=2 lowpower=0 battery=full/100 mem=60 cam=30.5 proc=9.5 busy=0.0 pre=8.6 pred=31.0 post=0.4 draw=0.1 e2e=65 obj=0.2
t=931 model=yolov8m_352x640 thermal=Serious level=2 lowpower=0 battery=full/100 mem=60 cam=30.3 proc=9.4 busy=0.0 pre=8.5 pred=31.0 post=0.4 draw=0.2 e2e=65 obj=0.6
t=932 model=yolov8m_352x640 thermal=Serious level=2 lowpower=0 battery=full/100 mem=60 cam=29.9 proc=10.0 busy=0.0 pre=9.2 pred=31.2 post=0.4 draw=0.1 e2e=66 obj=0.2
t=933 model=yolov8m_352x640 thermal=Serious level=2 lowpower=0 battery=full/100 mem=60 cam=30.0 proc=10.0 busy=0.0 pre=6.7 pred=45.3 post=0.4 draw=0.2 e2e=78 obj=0.6
t=934 model=yolov8m_352x640 thermal=Serious level=2 lowpower=0 battery=full/100 mem=60 cam=29.2 proc=9.7 busy=0.0 pre=8.0 pred=30.7 post=0.4 draw=0.2 e2e=63 obj=0.4
t=935 model=yolov8m_352x640 thermal=Serious level=2 lowpower=0 battery=full/100 mem=60 cam=30.0 proc=10.0 busy=0.0 pre=6.9 pred=33.4 post=0.3 draw=0.1 e2e=65 obj=0.2
t=936 model=yolov8m_352x640 thermal=Serious level=2 lowpower=0 battery=full/100 mem=60 cam=29.9 proc=12.0 busy=0.0 pre=4.7 pred=44.1 post=0.4 draw=0.2 e2e=75 obj=0.7
t=937 model=yolov8m_352x640 thermal=Serious level=2 lowpower=0 battery=full/100 mem=60 cam=30.2 proc=9.4 busy=0.0 pre=7.9 pred=31.1 post=0.4 draw=0.2 e2e=64 obj=0.4
t=938 model=yolov8m_352x640 thermal=Serious level=2 lowpower=0 battery=full/100 mem=60 cam=30.4 proc=9.5 busy=0.0 pre=8.2 pred=30.7 post=0.4 draw=0.3 e2e=64 obj=0.6
t=939 model=yolov8m_352x640 thermal=Serious level=2 lowpower=0 battery=full/100 mem=60 cam=30.0 proc=11.2 busy=0.0 pre=7.1 pred=32.0 post=0.4 draw=0.3 e2e=65 obj=0.8
t=940 model=yolov8m_352x640 thermal=Serious level=2 lowpower=0 battery=full/100 mem=60 cam=29.9 proc=10.0 busy=0.0 pre=7.1 pred=30.8 post=0.4 draw=0.4 e2e=64 obj=1.0
t=941 model=yolov8m_352x640 thermal=Serious level=2 lowpower=0 battery=full/100 mem=60 cam=29.9 proc=11.9 busy=0.0 pre=7.6 pred=30.9 post=0.4 draw=0.1 e2e=64 obj=0.5
t=942 model=yolov8m_352x640 thermal=Serious level=2 lowpower=0 battery=full/100 mem=60 cam=29.9 proc=8.0 busy=0.0 pre=8.9 pred=31.1 post=0.4 draw=0.2 e2e=65 obj=0.2
t=943 model=yolov8m_352x640 thermal=Serious level=2 lowpower=0 battery=full/100 mem=60 cam=30.0 proc=9.4 busy=0.0 pre=6.9 pred=31.0 post=0.4 draw=0.2 e2e=64 obj=0.6
t=944 model=yolov8m_352x640 thermal=Serious level=2 lowpower=0 battery=full/100 mem=60 cam=28.9 proc=9.7 busy=0.0 pre=6.7 pred=30.5 post=0.4 draw=0.3 e2e=63 obj=0.8
t=945 model=yolov8m_352x640 thermal=Serious level=2 lowpower=0 battery=full/100 mem=60 cam=29.8 proc=9.9 busy=0.0 pre=6.9 pred=32.2 post=0.4 draw=0.2 e2e=65 obj=0.6
t=946 model=yolov8m_352x640 thermal=Serious level=2 lowpower=0 battery=full/100 mem=60 cam=30.5 proc=9.5 busy=0.0 pre=6.1 pred=44.8 post=0.4 draw=0.1 e2e=76 obj=0.4
t=947 model=yolov8m_352x640 thermal=Serious level=2 lowpower=0 battery=full/100 mem=60 cam=31.1 proc=9.7 busy=0.0 pre=7.7 pred=31.0 post=0.4 draw=0.2 e2e=64 obj=0.6
t=949 model=yolov8m_352x640 thermal=Serious level=2 lowpower=0 battery=full/100 mem=60 cam=29.9 proc=10.0 busy=0.0 pre=8.2 pred=31.2 post=0.4 draw=0.1 e2e=65 obj=0.4
t=950 model=yolov8m_352x640 thermal=Serious level=2 lowpower=0 battery=full/100 mem=60 cam=30.0 proc=11.2 busy=0.0 pre=8.6 pred=32.4 post=0.4 draw=0.1 e2e=66 obj=0.2
t=951 model=yolov8m_352x640 thermal=Serious level=2 lowpower=0 battery=full/100 mem=60 cam=30.9 proc=9.8 busy=0.0 pre=6.5 pred=35.6 post=0.4 draw=0.2 e2e=68 obj=0.4
t=952 model=yolov8m_352x640 thermal=Serious level=2 lowpower=0 battery=full/100 mem=60 cam=29.9 proc=10.0 busy=0.0 pre=8.2 pred=30.8 post=0.4 draw=0.2 e2e=65 obj=0.8
t=953 model=yolov8m_352x640 thermal=Serious level=2 lowpower=0 battery=full/100 mem=60 cam=30.0 proc=11.2 busy=0.0 pre=10.2 pred=30.4 post=0.4 draw=0.1 e2e=66 obj=0.3
t=954 model=yolov8m_352x640 thermal=Serious level=2 lowpower=0 battery=full/100 mem=60 cam=31.0 proc=9.7 busy=0.0 pre=8.0 pred=31.5 post=0.4 draw=0.1 e2e=65 obj=0.2
t=955 model=yolov8m_352x640 thermal=Serious level=2 lowpower=0 battery=full/100 mem=60 cam=30.2 proc=9.4 busy=0.0 pre=8.1 pred=31.2 post=0.4 draw=0.2 e2e=65 obj=0.4
t=956 model=yolov8m_352x640 thermal=Serious level=2 lowpower=0 battery=full/100 mem=60 cam=30.2 proc=11.3 busy=0.0 pre=8.5 pred=31.6 post=0.4 draw=0.1 e2e=66 obj=0.3
t=957 model=yolov8m_352x640 thermal=Serious level=2 lowpower=0 battery=full/100 mem=60 cam=29.0 proc=9.7 busy=0.0 pre=9.1 pred=30.7 post=0.4 draw=0.4 e2e=66 obj=1.0
t=958 model=yolov8m_352x640 thermal=Serious level=2 lowpower=0 battery=full/100 mem=60 cam=29.9 proc=9.4 busy=0.0 pre=8.7 pred=30.9 post=0.4 draw=0.2 e2e=65 obj=0.4
t=959 model=yolov8m_352x640 thermal=Serious level=2 lowpower=0 battery=full/100 mem=60 cam=31.4 proc=10.0 busy=0.0 pre=2.3 pred=61.5 post=0.4 draw=0.3 e2e=88 obj=0.8
t=960 model=yolov8m_352x640 thermal=Serious level=2 lowpower=0 battery=full/100 mem=60 cam=30.0 proc=9.8 busy=0.0 pre=6.2 pred=41.9 post=0.4 draw=0.3 e2e=73 obj=1.0
t=961 model=yolov8m_352x640 thermal=Serious level=2 lowpower=0 battery=full/100 mem=60 cam=29.0 proc=9.8 busy=0.0 pre=8.9 pred=30.5 post=0.4 draw=0.1 e2e=65 obj=0.2
t=962 model=yolov8m_352x640 thermal=Serious level=2 lowpower=0 battery=full/100 mem=60 cam=29.3 proc=11.7 busy=0.0 pre=8.2 pred=31.2 post=0.4 draw=0.1 e2e=65 obj=0.5
t=963 model=yolov8m_352x640 thermal=Serious level=2 lowpower=0 battery=full/100 mem=60 cam=30.8 proc=9.6 busy=0.0 pre=8.5 pred=32.3 post=0.6 draw=0.4 e2e=67 obj=0.8
t=964 model=yolov8m_352x640 thermal=Serious level=2 lowpower=0 battery=full/100 mem=60 cam=29.3 proc=9.8 busy=0.0 pre=7.4 pred=30.9 post=0.4 draw=0.3 e2e=64 obj=0.8
t=965 model=yolov8m_352x640 thermal=Serious level=2 lowpower=0 battery=full/100 mem=60 cam=29.7 proc=9.9 busy=0.0 pre=7.0 pred=30.7 post=0.4 draw=0.3 e2e=63 obj=0.6
t=966 model=yolov8m_352x640 thermal=Serious level=2 lowpower=0 battery=full/100 mem=60 cam=31.0 proc=9.7 busy=0.0 pre=2.2 pred=61.8 post=0.4 draw=0.1 e2e=89 obj=0.2
t=967 model=yolov8m_352x640 thermal=Serious level=2 lowpower=0 battery=full/100 mem=60 cam=28.1 proc=11.2 busy=0.0 pre=2.6 pred=59.4 post=0.3 draw=0.2 e2e=88 obj=0.7
t=968 model=yolov8m_352x640 thermal=Serious level=2 lowpower=0 battery=full/100 mem=60 cam=30.0 proc=9.4 busy=0.0 pre=2.4 pred=59.7 post=0.3 draw=0.1 e2e=88 obj=0.4
t=969 model=yolov8m_352x640 thermal=Serious level=2 lowpower=0 battery=full/100 mem=60 cam=28.2 proc=11.3 busy=0.0 pre=2.2 pred=60.1 post=0.3 draw=0.2 e2e=87 obj=0.8
t=970 model=yolov8m_352x640 thermal=Serious level=2 lowpower=0 battery=full/100 mem=60 cam=29.9 proc=10.0 busy=0.0 pre=8.3 pred=31.6 post=0.4 draw=0.2 e2e=66 obj=1.0
t=971 model=yolov8m_352x640 thermal=Serious level=2 lowpower=0 battery=full/100 mem=60 cam=29.8 proc=9.9 busy=0.0 pre=6.5 pred=31.0 post=0.4 draw=0.0 e2e=62 obj=0.0
t=972 model=yolov8m_352x640 thermal=Serious level=2 lowpower=0 battery=full/100 mem=60 cam=30.0 proc=11.2 busy=0.0 pre=7.5 pred=30.9 post=0.4 draw=0.3 e2e=64 obj=0.8
t=973 model=yolov8m_352x640 thermal=Serious level=2 lowpower=0 battery=full/100 mem=60 cam=29.1 proc=9.7 busy=0.0 pre=5.1 pred=50.7 post=0.4 draw=0.2 e2e=81 obj=0.6
t=974 model=yolov8m_352x640 thermal=Serious level=2 lowpower=0 battery=full/100 mem=60 cam=28.2 proc=11.2 busy=0.0 pre=2.5 pred=63.8 post=0.3 draw=0.1 e2e=91 obj=0.3
t=975 model=yolov8m_352x640 thermal=Serious level=2 lowpower=0 battery=full/100 mem=60 cam=30.0 proc=10.0 busy=0.0 pre=2.1 pred=60.9 post=0.3 draw=0.1 e2e=88 obj=0.4
t=976 model=yolov8m_352x640 thermal=Serious level=2 lowpower=0 battery=full/100 mem=60 cam=30.0 proc=9.9 busy=0.0 pre=9.1 pred=30.7 post=0.4 draw=0.0 e2e=66 obj=0.0
t=977 model=yolov8m_352x640 thermal=Serious level=2 lowpower=0 battery=full/100 mem=60 cam=29.4 proc=11.2 busy=0.0 pre=7.5 pred=31.1 post=0.4 draw=0.1 e2e=65 obj=0.5
t=978 model=yolov8m_352x640 thermal=Serious level=2 lowpower=0 battery=full/100 mem=60 cam=30.5 proc=9.9 busy=0.0 pre=8.0 pred=31.3 post=0.4 draw=0.2 e2e=65 obj=0.4
t=979 model=yolov8m_352x640 thermal=Serious level=2 lowpower=0 battery=full/100 mem=60 cam=29.9 proc=9.7 busy=0.0 pre=6.5 pred=31.1 post=0.4 draw=0.1 e2e=63 obj=0.4
t=980 model=yolov8m_352x640 thermal=Serious level=2 lowpower=0 battery=full/100 mem=60 cam=29.9 proc=9.4 busy=0.0 pre=8.9 pred=31.5 post=0.4 draw=0.1 e2e=66 obj=0.4
t=981 model=yolov8m_352x640 thermal=Serious level=2 lowpower=0 battery=full/100 mem=60 cam=29.7 proc=9.4 busy=0.0 pre=7.1 pred=30.6 post=0.4 draw=0.3 e2e=63 obj=0.6
t=982 model=yolov8m_352x640 thermal=Serious level=2 lowpower=0 battery=full/100 mem=60 cam=29.9 proc=9.6 busy=0.0 pre=6.8 pred=32.4 post=0.5 draw=0.1 e2e=65 obj=0.6
t=983 model=yolov8m_352x640 thermal=Serious level=2 lowpower=0 battery=full/100 mem=60 cam=30.0 proc=9.5 busy=0.0 pre=8.7 pred=30.7 post=0.4 draw=0.2 e2e=65 obj=0.4
t=984 model=yolov8m_352x640 thermal=Serious level=2 lowpower=0 battery=full/100 mem=60 cam=29.8 proc=9.9 busy=0.0 pre=6.6 pred=31.4 post=0.4 draw=0.3 e2e=64 obj=0.8
t=985 model=yolov8m_352x640 thermal=Serious level=2 lowpower=0 battery=full/100 mem=60 cam=28.5 proc=9.5 busy=0.0 pre=8.4 pred=31.3 post=0.4 draw=0.2 e2e=66 obj=0.8
t=986 model=yolov8m_352x640 thermal=Serious level=2 lowpower=0 battery=full/100 mem=60 cam=29.8 proc=9.9 busy=0.0 pre=7.3 pred=31.7 post=0.5 draw=0.2 e2e=65 obj=0.8
t=987 model=yolov8m_352x640 thermal=Serious level=2 lowpower=0 battery=full/100 mem=60 cam=29.7 proc=11.3 busy=0.0 pre=7.3 pred=31.1 post=0.5 draw=0.2 e2e=65 obj=0.7
t=988 model=yolov8m_352x640 thermal=Serious level=2 lowpower=0 battery=full/100 mem=60 cam=28.8 proc=9.6 busy=0.0 pre=7.4 pred=31.2 post=0.4 draw=0.2 e2e=64 obj=0.6
t=989 model=yolov8m_352x640 thermal=Serious level=2 lowpower=0 battery=full/100 mem=60 cam=30.3 proc=9.5 busy=0.0 pre=7.5 pred=30.6 post=0.4 draw=0.3 e2e=64 obj=0.6
t=990 model=yolov8m_352x640 thermal=Serious level=2 lowpower=0 battery=full/100 mem=60 cam=28.6 proc=10.0 busy=0.0 pre=3.2 pred=60.9 post=0.3 draw=0.1 e2e=89 obj=0.4
t=991 model=yolov8m_352x640 thermal=Serious level=2 lowpower=0 battery=full/100 mem=60 cam=29.9 proc=9.9 busy=0.0 pre=2.3 pred=62.2 post=0.3 draw=0.1 e2e=89 obj=0.4
t=992 model=yolov8m_352x640 thermal=Serious level=2 lowpower=0 battery=full/100 mem=60 cam=28.1 proc=9.9 busy=0.0 pre=6.4 pred=36.2 post=0.4 draw=0.3 e2e=68 obj=1.0
t=993 model=yolov8m_352x640 thermal=Serious level=2 lowpower=0 battery=full/100 mem=60 cam=30.5 proc=9.4 busy=0.0 pre=8.8 pred=30.3 post=0.4 draw=0.1 e2e=65 obj=0.4
t=995 model=yolov8m_352x640 thermal=Serious level=2 lowpower=0 battery=full/100 mem=60 cam=30.0 proc=9.9 busy=0.0 pre=7.9 pred=34.6 post=0.4 draw=0.2 e2e=67 obj=0.6
t=996 model=yolov8m_352x640 thermal=Serious level=2 lowpower=0 battery=full/100 mem=60 cam=30.3 proc=11.2 busy=0.0 pre=8.3 pred=31.2 post=0.4 draw=0.1 e2e=65 obj=0.2
t=997 model=yolov8m_352x640 thermal=Serious level=2 lowpower=0 battery=full/100 mem=60 cam=30.0 proc=9.9 busy=0.0 pre=8.3 pred=31.2 post=0.4 draw=0.1 e2e=65 obj=0.4
t=998 model=yolov8m_352x640 thermal=Serious level=2 lowpower=0 battery=full/100 mem=60 cam=30.1 proc=11.2 busy=0.0 pre=8.1 pred=31.5 post=0.4 draw=0.2 e2e=65 obj=0.5
t=999 model=yolov8m_352x640 thermal=Serious level=2 lowpower=0 battery=full/100 mem=60 cam=30.2 proc=9.6 busy=0.0 pre=8.5 pred=31.3 post=0.4 draw=0.1 e2e=65 obj=0.2
t=1000 model=yolov8m_352x640 thermal=Serious level=2 lowpower=0 battery=full/100 mem=60 cam=29.9 proc=9.7 busy=0.0 pre=8.9 pred=30.6 post=0.4 draw=0.2 e2e=65 obj=0.4
t=1001 model=yolov8m_352x640 thermal=Serious level=2 lowpower=0 battery=full/100 mem=60 cam=30.3 proc=11.3 busy=0.0 pre=8.9 pred=30.7 post=0.4 draw=0.2 e2e=65 obj=0.5
t=1002 model=yolov8m_352x640 thermal=Serious level=2 lowpower=0 battery=full/100 mem=60 cam=29.9 proc=9.7 busy=0.0 pre=8.2 pred=31.1 post=0.4 draw=0.2 e2e=64 obj=0.4
t=1003 model=yolov8m_352x640 thermal=Serious level=2 lowpower=0 battery=full/100 mem=60 cam=29.9 proc=9.6 busy=0.0 pre=8.2 pred=30.5 post=0.4 draw=0.3 e2e=64 obj=0.6
t=1004 model=yolov8m_352x640 thermal=Serious level=2 lowpower=0 battery=full/100 mem=60 cam=29.7 proc=9.4 busy=0.0 pre=9.4 pred=30.9 post=0.4 draw=0.1 e2e=65 obj=0.2
t=1005 model=yolov8m_352x640 thermal=Serious level=2 lowpower=0 battery=full/100 mem=60 cam=30.0 proc=9.5 busy=0.0 pre=8.5 pred=30.9 post=0.4 draw=0.2 e2e=65 obj=0.6
t=1006 model=yolov8m_352x640 thermal=Serious level=2 lowpower=0 battery=full/100 mem=60 cam=29.0 proc=9.4 busy=0.0 pre=9.9 pred=30.1 post=0.4 draw=0.3 e2e=66 obj=0.6
t=1007 model=yolov8m_352x640 thermal=Serious level=2 lowpower=0 battery=full/100 mem=60 cam=30.0 proc=9.5 busy=0.0 pre=8.2 pred=31.0 post=0.4 draw=0.2 e2e=65 obj=0.6
t=1008 model=yolov8m_352x640 thermal=Serious level=2 lowpower=0 battery=full/100 mem=60 cam=29.9 proc=11.2 busy=0.0 pre=8.9 pred=31.1 post=0.4 draw=0.2 e2e=65 obj=0.7
t=1009 model=yolov8m_352x640 thermal=Serious level=2 lowpower=0 battery=full/100 mem=60 cam=29.7 proc=9.8 busy=0.0 pre=8.6 pred=33.4 post=0.4 draw=0.2 e2e=67 obj=0.4
t=1010 model=yolov8m_352x640 thermal=Serious level=2 lowpower=0 battery=full/100 mem=60 cam=29.8 proc=9.9 busy=0.0 pre=6.6 pred=31.1 post=0.4 draw=0.2 e2e=63 obj=0.6
t=1011 model=yolov8m_352x640 thermal=Serious level=2 lowpower=0 battery=full/100 mem=60 cam=29.1 proc=9.7 busy=0.0 pre=8.0 pred=30.9 post=0.4 draw=0.2 e2e=64 obj=0.6
t=1012 model=yolov8m_352x640 thermal=Serious level=2 lowpower=0 battery=full/100 mem=60 cam=29.8 proc=9.9 busy=0.0 pre=3.5 pred=54.2 post=0.4 draw=0.1 e2e=82 obj=0.2
t=1013 model=yolov8m_352x640 thermal=Serious level=2 lowpower=0 battery=full/100 mem=60 cam=29.3 proc=9.8 busy=0.0 pre=2.2 pred=61.1 post=0.4 draw=0.2 e2e=87 obj=0.4
t=1014 model=yolov8m_352x640 thermal=Serious level=2 lowpower=0 battery=full/100 mem=60 cam=28.7 proc=11.5 busy=0.0 pre=2.3 pred=61.4 post=0.3 draw=0.1 e2e=88 obj=0.3
t=1015 model=yolov8m_352x640 thermal=Serious level=2 lowpower=0 battery=full/100 mem=60 cam=31.2 proc=9.7 busy=0.0 pre=6.9 pred=31.3 post=0.4 draw=0.0 e2e=62 obj=0.0
t=1016 model=yolov8m_352x640 thermal=Serious level=2 lowpower=0 battery=full/100 mem=60 cam=30.6 proc=9.6 busy=0.0 pre=2.8 pred=58.2 post=0.3 draw=0.2 e2e=86 obj=0.6
t=1017 model=yolov8m_352x640 thermal=Serious level=2 lowpower=0 battery=full/100 mem=60 cam=31.4 proc=9.8 busy=0.0 pre=7.5 pred=30.6 post=0.4 draw=0.2 e2e=64 obj=0.6
t=1018 model=yolov8m_352x640 thermal=Serious level=2 lowpower=0 battery=full/100 mem=60 cam=29.3 proc=9.8 busy=0.0 pre=7.4 pred=30.8 post=0.4 draw=0.2 e2e=64 obj=0.6
t=1019 model=yolov8m_352x640 thermal=Serious level=2 lowpower=0 battery=full/100 mem=60 cam=29.7 proc=9.9 busy=0.0 pre=7.5 pred=31.1 post=0.4 draw=0.1 e2e=65 obj=0.2
t=1020 model=yolov8m_352x640 thermal=Serious level=2 lowpower=0 battery=full/100 mem=60 cam=28.5 proc=9.5 busy=0.0 pre=6.9 pred=31.0 post=0.4 draw=0.1 e2e=64 obj=0.2
t=1021 model=yolov8m_352x640 thermal=Serious level=2 lowpower=0 battery=full/100 mem=60 cam=30.5 proc=9.5 busy=0.0 pre=7.7 pred=30.7 post=0.4 draw=0.1 e2e=63 obj=0.2
t=1022 model=yolov8m_352x640 thermal=Serious level=2 lowpower=0 battery=full/100 mem=60 cam=29.8 proc=9.9 busy=0.0 pre=6.7 pred=31.4 post=0.4 draw=0.2 e2e=64 obj=0.6
t=1023 model=yolov8m_352x640 thermal=Serious level=2 lowpower=0 battery=full/100 mem=60 cam=28.9 proc=9.6 busy=0.0 pre=6.6 pred=31.4 post=0.4 draw=0.2 e2e=64 obj=0.4
t=1024 model=yolov8m_352x640 thermal=Serious level=2 lowpower=0 battery=full/100 mem=60 cam=29.7 proc=9.9 busy=0.0 pre=8.5 pred=30.8 post=0.4 draw=0.2 e2e=65 obj=0.6
t=1025 model=yolov8m_352x640 thermal=Serious level=2 lowpower=0 battery=full/100 mem=60 cam=30.4 proc=9.5 busy=0.0 pre=8.1 pred=30.8 post=0.4 draw=0.2 e2e=65 obj=0.6
t=1026 model=yolov8m_352x640 thermal=Serious level=2 lowpower=0 battery=full/100 mem=60 cam=29.4 proc=9.8 busy=0.0 pre=3.6 pred=56.6 post=0.3 draw=0.1 e2e=84 obj=0.4
t=1027 model=yolov8m_352x640 thermal=Serious level=2 lowpower=0 battery=full/100 mem=60 cam=31.3 proc=9.8 busy=0.0 pre=5.8 pred=31.2 post=0.4 draw=0.1 e2e=62 obj=0.4
t=1028 model=yolov8m_352x640 thermal=Serious level=2 lowpower=0 battery=full/100 mem=60 cam=30.0 proc=9.4 busy=0.0 pre=7.3 pred=30.5 post=0.4 draw=0.1 e2e=63 obj=0.2
t=1029 model=yolov8m_352x640 thermal=Serious level=2 lowpower=0 battery=full/100 mem=60 cam=30.0 proc=9.4 busy=0.0 pre=8.0 pred=30.5 post=0.4 draw=0.1 e2e=64 obj=0.4
t=1030 model=yolov8m_352x640 thermal=Serious level=2 lowpower=0 battery=full/100 mem=60 cam=30.3 proc=9.8 busy=0.0 pre=4.7 pred=48.1 post=0.3 draw=0.1 e2e=76 obj=0.4
t=1031 model=yolov8m_352x640 thermal=Serious level=2 lowpower=0 battery=full/100 mem=60 cam=31.0 proc=9.4 busy=0.0 pre=2.4 pred=61.4 post=0.3 draw=0.1 e2e=89 obj=0.2
t=1032 model=yolov8m_352x640 thermal=Serious level=2 lowpower=0 battery=full/100 mem=60 cam=30.8 proc=9.7 busy=0.0 pre=9.5 pred=29.3 post=0.4 draw=0.2 e2e=64 obj=0.4
t=1033 model=yolov8m_352x640 thermal=Serious level=2 lowpower=0 battery=full/100 mem=60 cam=29.7 proc=9.9 busy=0.0 pre=10.0 pred=31.0 post=0.4 draw=0.1 e2e=66 obj=0.2
t=1034 model=yolov8m_352x640 thermal=Serious level=2 lowpower=0 battery=full/100 mem=60 cam=29.4 proc=9.3 busy=0.0 pre=9.0 pred=31.9 post=0.4 draw=0.1 e2e=66 obj=0.2
t=1035 model=yolov8m_352x640 thermal=Serious level=2 lowpower=0 battery=full/100 mem=60 cam=30.2 proc=9.9 busy=0.0 pre=7.6 pred=30.9 post=0.4 draw=0.2 e2e=64 obj=0.6
t=1036 model=yolov8m_352x640 thermal=Serious level=2 lowpower=0 battery=full/100 mem=60 cam=30.4 proc=11.9 busy=0.0 pre=8.7 pred=30.6 post=0.4 draw=0.1 e2e=64 obj=0.2
t=1037 model=yolov8m_352x640 thermal=Serious level=2 lowpower=0 battery=full/100 mem=60 cam=30.8 proc=9.4 busy=0.0 pre=7.1 pred=32.0 post=0.5 draw=0.4 e2e=65 obj=0.8
t=1038 model=yolov8m_352x640 thermal=Serious level=2 lowpower=0 battery=full/100 mem=60 cam=29.3 proc=10.0 busy=0.0 pre=7.3 pred=34.7 post=0.4 draw=0.2 e2e=68 obj=0.6
t=1039 model=yolov8m_352x640 thermal=Serious level=2 lowpower=0 battery=full/100 mem=60 cam=30.3 proc=9.6 busy=0.0 pre=6.6 pred=39.8 post=0.3 draw=0.2 e2e=72 obj=0.4
t=1040 model=yolov8m_352x640 thermal=Serious level=2 lowpower=0 battery=full/100 mem=60 cam=29.9 proc=9.4 busy=0.0 pre=8.5 pred=31.3 post=0.4 draw=0.3 e2e=65 obj=0.8
t=1041 model=yolov8m_352x640 thermal=Serious level=2 lowpower=0 battery=full/100 mem=60 cam=30.0 proc=10.0 busy=0.0 pre=9.0 pred=30.7 post=0.5 draw=0.3 e2e=64 obj=0.6
t=1043 model=yolov8m_352x640 thermal=Serious level=2 lowpower=0 battery=full/100 mem=60 cam=30.0 proc=9.5 busy=0.0 pre=9.6 pred=30.8 post=0.4 draw=0.2 e2e=66 obj=0.4
t=1044 model=yolov8m_352x640 thermal=Serious level=2 lowpower=0 battery=full/100 mem=60 cam=30.0 proc=10.0 busy=0.0 pre=9.3 pred=30.8 post=0.4 draw=0.1 e2e=65 obj=0.2
t=1045 model=yolov8m_352x640 thermal=Serious level=2 lowpower=0 battery=full/100 mem=60 cam=30.0 proc=11.2 busy=0.0 pre=8.5 pred=30.1 post=0.4 draw=0.2 e2e=64 obj=0.5
t=1046 model=yolov8m_352x640 thermal=Serious level=2 lowpower=0 battery=full/100 mem=60 cam=28.8 proc=9.6 busy=0.0 pre=3.6 pred=55.4 post=0.3 draw=0.2 e2e=84 obj=0.4
t=1047 model=yolov8m_352x640 thermal=Serious level=2 lowpower=0 battery=full/100 mem=60 cam=30.0 proc=11.2 busy=0.0 pre=7.9 pred=31.7 post=0.4 draw=0.2 e2e=65 obj=0.8
t=1048 model=yolov8m_352x640 thermal=Serious level=2 lowpower=0 battery=full/100 mem=60 cam=31.4 proc=9.8 busy=0.0 pre=8.2 pred=30.9 post=0.4 draw=0.2 e2e=64 obj=0.8
t=1049 model=yolov8m_352x640 thermal=Serious level=2 lowpower=0 battery=full/100 mem=60 cam=30.4 proc=9.5 busy=0.0 pre=3.4 pred=55.1 post=0.4 draw=0.2 e2e=83 obj=0.8
t=1050 model=yolov8m_352x640 thermal=Serious level=2 lowpower=0 battery=full/100 mem=60 cam=29.4 proc=11.7 busy=0.0 pre=2.6 pred=56.9 post=0.3 draw=0.2 e2e=84 obj=0.8
